requirement_id,area,requirement,acceptance_criterion,failure_class,weight_block
DATA-001,Security master,"Effective-dated permanent security and issuer identifiers plus ticker, exchange, share class and security-type flags","At least 99.9% one-to-one eligible security-day joins; all gold ticker-reuse/name-change cases resolve; no unexplained overlaps",Hard gate,Identifiers and universe
DATA-002,Universe/history,"Active and inactive US listings with listing/delisting dates and venue history","No current-constituent reconstruction; protocol evidence-tier history; universe counts reconcile by date",Hard gate,Survivorship and delistings
DATA-003,Daily market data,"Unadjusted OHLC, official close, volume, shares/market cap, returns with and without distributions, calendar and spread evidence","At least 99.5% expected eligible security-days present or reason-coded; zero duplicate keys; no silent forward-fill",Critical score,Returns and corporate actions
DATA-004,Delistings,"Date, reason, last tradable value, delisting return/proceeds when known, merger link and missing flag","Every gold delisting represented; attainable terminal treatment; missing return never silently zeroed; coverage sensitivity reported",Hard gate,Survivorship and delistings
DATA-005,Corporate actions,"Splits, dividends including specials, return of capital, rights/spin-offs, mergers/exchanges and event dates","All gold events represented; daily reconstructed total return within 1 bp on at least 99.9% audited days and 5 bp per audited year; no double count",Hard gate,Returns and corporate actions
DATA-006,Fundamentals,"Annual and quarterly as-reported and standardized values with units, periods, fiscal labels, form/accession and source","Every used fact has full provenance; completeness reported by date and sector; no future backfill",Hard gate,Point-in-time fundamentals
DATA-007,Filing availability,"SEC acceptance/filing and provider availability timestamps, timezone, amendment and form type","Every used fact has available_at; zero future-at-cutoff violations; after-close filings wait until the next eligible session",Hard gate,Point-in-time fundamentals
DATA-008,Restatements/vintages,"Original values and revisions with version/effective dates and amendment links","Historical as-of snapshots reconstructable; later revision cannot appear earlier; latest-restated-only is prototype-only",Hard gate,Point-in-time fundamentals
DATA-009,Fiscal alignment,"Fiscal mapping, TTM inputs, last-publication date and stale/missing flags","No duplicate quarter in TTM; balance/flow semantics tested; every included fact passes deterministic maximum age",Critical score,Coverage and completeness
DATA-010,Benchmarks/membership,"Effective add/remove dates, total-return indexes, investable-proxy distributions and expense history","Gold membership exact; zero current-constituent leakage; identical contribution/cash/fill conventions",Hard gate,Identifiers and universe
DATA-011,Access/reproducibility,"Bulk/API, schema, release notes, version/snapshot, retrieval timestamp, query/config and checksums","Immutable raw extracts; rerunnable during license; complete lineage; corrections are new vintages",Hard gate,Access and reproducibility
DATA-012,License/cost/retention,"Authorized research, local storage/retention, aggregate publication, redistribution, API/bulk rights, quote and renewal","Written terms allow intended research and reproducibility; first-year/renewal costs documented; post-lapse loss explicit",Hard gate,Licensing and cost
