experiment_id,registered_at_utc,researcher,workstream,hypothesis_id,parent_experiment_id,study_class,multiplicity_family,status,purpose,economic_rationale,dataset_version,universe_version,signal_version,portfolio_version,cost_model_version,benchmark_versions,train_start,train_end,validation_start,validation_end,test_start,test_end,partitions_accessed,final_holdout_touched,random_seed,parameter_grid_uri,primary_metrics,decision_threshold,code_or_config_checksum,result_uri,decision,failure_reason,started_at_utc,completed_at_utc,notes
EXP-0001,2026-06-21T00:00:00Z,coordinating_agent,benchmark_validation,H-BENCH-001,,confirmatory,benchmark_engine,preregistered,"Validate contribution ledger, units, dividends, fees, residual cash, TWR and XIRR using deterministic toy cases before market data","A benchmark or cash-flow error would invalidate every relative-performance result",UNSELECTED,v0.1,none,benchmark_v0.1,cost_v0.1,"S&P500_TR_TBD;SPY_TBD;NASDAQ100_TR_TBD;QQQ_TBD",,,,,,,none,false,20260621,research/08_backtest_methodology.md,"ending_value;TWR;XIRR;cash_flow_equality","All deterministic invariant tests pass exactly or within documented numerical tolerance",,,pending,,,,"Must pass before any strategy comparison"
EXP-0002,2026-06-21T00:00:00Z,coordinating_agent,benchmark_validation,H-BENCH-002,EXP-0001,confirmatory,benchmark_engine,blocked,"Construct contribution-matched S&P 500 total-return and investable-proxy baselines","The strategy requires a fair investable S&P 500 hurdle with identical cash flows",UNSELECTED,v0.1,none,benchmark_v0.1,cost_v0.1,"S&P500_TR_TBD;SPY_TBD",,,,,,,none,false,20260621,research/08_backtest_methodology.md,"ending_value;TWR;XIRR;tracking_difference","External cash-flow ledger identical; proxy reconciles within frozen tolerance",,,pending,"Blocked until data source and benchmark series are approved",,,"No results exist"
EXP-0003,2026-06-21T00:00:00Z,coordinating_agent,benchmark_validation,H-BENCH-003,EXP-0001,confirmatory,benchmark_engine,blocked,"Construct contribution-matched Nasdaq-100 total-return and investable-proxy baselines","The direct-stock objective requires a separate Nasdaq-100 hurdle rather than an ambiguous Nasdaq label",UNSELECTED,v0.1,none,benchmark_v0.1,cost_v0.1,"NASDAQ100_TR_TBD;QQQ_TBD",,,,,,,none,false,20260621,research/08_backtest_methodology.md,"ending_value;TWR;XIRR;tracking_difference","External cash-flow ledger identical; proxy reconciles within frozen tolerance",,,pending,"Blocked until data source and benchmark series are approved",,,"Nasdaq Composite is a separate optional reference"
EXP-0004,2026-06-21T08:31:16Z,coordinating_agent,data_validation,H-DATA-FREE-001,,confirmatory,data_integrity,completed,"Validate immutable zero-cost FRED benchmark snapshots, schemas, dates, and checksums","Free benchmark sources must pass deterministic integrity checks before any contribution ledger uses them",FRED_20260621,v0.1,none,benchmark_v0.1,cost_v0.1,"NASDAQXNDX_FRED_20260621;NASDAQXCMP_FRED_20260621;SP500_FRED_20260621",,,,,,,none,false,20260621,data/metadata/free_sources_manifest.json,"checksum_match;row_shape;date_order;duplicate_dates;missing_values","Every registered file passes every deterministic validation check",03ac270224c5f47ff06eb48afe3b46492ec9e70fe1588bcfb206af440cad079a,outputs/experiment_runs/EXP-0004/free_source_validation.json,pass,,2026-06-21T08:31:16Z,2026-06-21T08:31:16Z,"Nasdaq total-return series accepted as theoretical references; FRED S&P 500 is price-only diagnostic"
EXP-0005,2026-06-21T09:19:17Z,coordinating_agent,data_validation,H-DATA-YF-001,EXP-0004,confirmatory,data_integrity,completed,"Validate immutable yfinance SPY and QQQ daily price/action extracts and reconcile them to FRED references","A successful web download is insufficient; locally cached files and benchmark concordance must pass deterministic checks",YFINANCE_1.4.0_20260621,v0.1,none,benchmark_v0.1,cost_v0.1,"SPY_YF_20260621;QQQ_YF_20260621;NASDAQXNDX_FRED_20260621;SP500_FRED_20260621",,,,,,,none,false,20260621,data/raw/yfinance/2026-06-21/manifest.json,"checksum_match;row_shape;date_order;action_rows;benchmark_return_correlation;tracking_error","All file checks pass; 2021-onward ETF/index return correlation >=0.995 and annualized tracking error <2%",fd11980318f9516540dcd7e35ba75f48534e7b788a5847025656337e29ba5b8f,outputs/experiment_runs/EXP-0005/yfinance_validation.json,pass,,2026-06-21T09:19:17Z,2026-06-21T09:22:41Z,"Viable for prototype prices, actions, benchmark ledgers, and forward tests; not historical-universe, delisting-return, identifier, or point-in-time fundamental evidence"
EXP-0006,2026-06-21T09:46:22Z,coordinating_agent,benchmark_validation,H-BENCH-001,EXP-0001,confirmatory,benchmark_engine,completed,"Validate deterministic contribution, units, distributions, splits, fees, residual cash, TWR, and XIRR and build SPY/QQQ contribution ledgers","All later relative conclusions depend on an exact external-flow and return ledger",YFINANCE_1.4.0_20260621,OEF_CURRENT_20260618,none,benchmark_v0.2,best_effort_cost_v1,"SPY_YF_20260621;QQQ_YF_20260621",,,,,,,none,false,20260621,research/configs/best_effort_v1.json,"invariant_pass_count;flow_checksum;ending_value;TWR;XIRR","Every deterministic invariant passes and strategy/benchmark flows are byte-identical",cc648c5fe2ba79ae0eeb7e27d8d734073725f103986c55f723fecf1f24c73947,outputs/experiment_runs/EXP-0006/accounting_validation.json,pass,,2026-06-21T09:56:00Z,2026-06-21T09:58:00Z,"Eight unit tests and six integrated benchmark checks passed; weekly SPY/QQQ flows are identical"
EXP-0007,2026-06-21T09:46:22Z,coordinating_agent,data_validation,H-DATA-UNIVERSE-001,EXP-0005,confirmatory,data_integrity,completed,"Extract and validate the official current OEF equity holdings snapshot and a normalized one-class-per-issuer Yahoo ticker list","A bounded official liquid-universe proxy is needed for reproducible best-effort testing",OEF_FUND_DATA_20260618,OEF_CURRENT_20260618,none,none,none,"OEF_20260618",,,,,,,none,false,20260621,research/configs/best_effort_v1.json,"raw_checksum;equity_rows;deduplicated_issuers;ticker_uniqueness","Raw checksum recorded; at least 90 US USD equity rows; normalized tickers unique after issuer deduplication",fbb974aaa7c097bde59abf5ae9805d4f41d59fc236996ba4f28c914067bd9ed7,data/interim/universe/2026-06-21/manifest.json,pass,,2026-06-21T09:47:00Z,2026-06-21T09:48:49Z,"101 equity rows and 100 issuer-deduplicated Yahoo tickers; GOOG removed in favor of higher-weight GOOGL"
EXP-0008,2026-06-21T09:46:22Z,coordinating_agent,data_validation,H-DATA-YF-002,EXP-0007,confirmatory,data_integrity,completed,"Acquire immutable maximum-history yfinance daily price/action snapshots for the bounded deduplicated OEF universe","Coverage and actions must be audited before any price-factor calculation",YFINANCE_1.4.0_20260621,OEF_CURRENT_20260618,none,none,none,"SPY_YF_20260621;QQQ_YF_20260621",,,,,,,none,false,20260621,research/configs/best_effort_v1.json,"ticker_success_rate;history_span;missingness;checksum_match;action_coverage","At least 90% of registered tickers download and every successful file passes deterministic integrity checks",e10da2b99c78ed9da263362a1db45cfb21f92cb20d875c2f4c405dc61bfc56b9,outputs/experiment_runs/EXP-0008/universe_price_validation.json,pass,,2026-06-21T09:49:00Z,2026-06-21T09:55:39Z,"100 of 100 histories passed; 91 had a 252-session lookback at 2010 start and 97 by 2015"
EXP-0009,2026-06-21T09:46:22Z,coordinating_agent,price_factor_validation,H-MOM-001,EXP-0008,exploratory,best_effort_price_family,completed,"Evaluate the frozen pre-holdout equal-weight, momentum, low-volatility, and momentum-low-volatility candidates with contribution-matched SPY/QQQ ledgers","Price signals are the only historically testable signal family in the available free stack",YFINANCE_1.4.0_20260621,OEF_CURRENT_20260618,C03-M_v1,portfolio_best_effort_v1,best_effort_cost_v1,"SPY_YF_20260621;QQQ_YF_20260621",2010-01-01,2019-12-31,2020-01-01,2022-12-31,,,development;walk_forward,false,20260621,research/configs/best_effort_v1.json,"annualized_TWR;XIRR;active_return;volatility;max_drawdown;turnover;costs;rolling_win_rate","Primary C03-M requires +1 percentage point annualized TWR and XIRR versus each benchmark before holdout, positive stressed active return, and protocol risk/turnover gates",7159a6f6b7681554ef033386148c70a4b6b859a210fd58f034a19fb0d5791b28,outputs/experiment_runs/EXP-0009/summary.json,fail,"Annualized turnover 184%; QQQ rolling win rates below 60%; QQQ bootstrap lower bound below zero; definitive data gate failed",2026-06-21T09:58:30Z,2026-06-21T10:04:59Z,"An initial failed run with a truncated lookback is preserved; corrected rerun changed no research parameter"
EXP-0010,2026-06-21T09:46:22Z,coordinating_agent,holdout_and_robustness,H-MOM-001,EXP-0009,confirmatory,best_effort_final_audit,completed,"Run the frozen C03-M final holdout once, then apply cost, contribution-frequency, parameter, regime, and influence falsifications","The best-effort conclusion still requires an untouched chronological outcome and explicit attempts to invalidate it",YFINANCE_1.4.0_20260621,OEF_CURRENT_20260618,C03-M_v1,portfolio_best_effort_v1,best_effort_cost_v1,"SPY_YF_20260621;QQQ_YF_20260621",2010-01-01,2019-12-31,2020-01-01,2022-12-31,2023-01-01,2026-06-18,final_holdout,true,20260621,research/configs/best_effort_v1.json,"holdout_active_return;XIRR_advantage;drawdown;volatility;turnover;neighbor_sign_rate;influence","Every original critical gate must pass; structural current-membership and missing-delisting gates automatically preclude pass or conditional pass",7159a6f6b7681554ef033386148c70a4b6b859a210fd58f034a19fb0d5791b28,outputs/experiment_runs/EXP-0010/summary.json,fail,"Holdout trailed QQQ; turnover 172%; sector drift breached; only 20% of registered candidates were positive versus both benchmarks pre-holdout and holdout; definitive data gate failed",2026-06-21T10:05:33Z,2026-06-21T10:08:36Z,"One-use holdout completed under frozen hashes; full-sample point estimate beat both benchmarks but QQQ bootstrap interval included zero"
EXP-0011,2026-06-21T19:58:35Z,coordinating_agent,phase1a_forensic_audit,H-AUDIT-001,EXP-0010,confirmatory,audit_only,completed,"Independently reproduce saved ledger calculations and audit accounting timing factor exposures and holdout controls","The preliminary FAIL must be scoped and supported by calculations independently checked without selecting a new strategy",YFINANCE_1.4.0_20260621,OEF_CURRENT_20260618,C03-M_v1,portfolio_best_effort_v1,best_effort_cost_v1,"SPY_YF_20260621;QQQ_YF_20260621;FAMA_FRENCH_DAILY_20260621",2010-01-01,2019-12-31,2020-01-01,2022-12-31,2023-01-01,2026-06-18,"development;walk_forward;final_period_audit",true,20260621,none,"reproduction_error;cash_flow_identity;TWR;XIRR;volatility;drawdown;costs;turnover;timing;factor_loadings;holdout_chronology","Headline metrics reproduce within 1e-8 and all discrepancies/uncertainties are reported without changing the preserved strategy decision",cddd278fc33f3882701cafe4042d23a975798a20673bf97bce2966a41efa788c,outputs/experiment_runs/EXP-0011/,pass_with_qualifications,,2026-06-21T19:40:00Z,2026-06-21T19:58:35Z,"Audit reproduced headline arithmetic; found unsealed benchmark holdout information adjusted-close synthetic units bootstrap mismatch sector-threshold ambiguity and incomplete protocol execution; no strategy optimization performed"
EXP-0012,2026-06-21T20:49:18Z,coordinating_agent,yfinance_capability_audit,H-YF-CAP-001,,confirmatory,yfinance_data_capability,completed,"Audit actual current yfinance price fundamental share valuation earnings revision recommendation sector and industry coverage across at least 100 cross-sector stocks","A practical yfinance-only composite may be designed only after field coverage schema variability and current-versus-historical semantics are measured",YFINANCE_1.4.0_20260621T204918Z,YF_SCREEN_BALANCED_110_CURRENT_20260621,none,none,none,none,,,,,,,current_snapshot,false,20260621,research/configs/yfinance_phase1b_checkpoint1.json,"endpoint_coverage;statement_periods;field_missingness;schema_variability;factor_input_coverage;currencies;errors;checksums","At least 100 unique stocks spanning all Yahoo sectors; immutable manifest; all registered hashes pass; factor coverage classified before performance testing",a46e7499e8f9035bc37d26320e369be121201804e226edd4e1039e07d2d7bc1a,outputs/experiment_runs/EXP-0012/yfinance_capability_summary.json,pass_to_semantic_factor_qa,,2026-06-21T20:49:18Z,2026-06-21T21:01:40Z,"110 stocks with ten per sector; zero endpoint exceptions; 2324 raw files and 2200 endpoint hashes validated; shareholder yield rejected as sparse; no strategy performance test run"
EXP-0013,2026-06-21T21:01:40Z,coordinating_agent,prospective_paper_protocol,H-YF-FWD-001,EXP-0012,prospective,yfinance_candidate_family,superseded_not_started,"Prospectively test a frozen yfinance-only price-plus-fundamental paper portfolio using immutable retrieval-time snapshots","Only forward archives can provide genuine point-in-time evidence for the complete yfinance composite",FUTURE_YFINANCE_IMMUTABLE_SNAPSHOTS,YF_CURRENT_US_NONFINANCIAL_RULE_V1,YF_QVGP_PROPOSED_V1,YF_EQUAL_WEIGHT_CONTRIBUTION_V1,TBD,"SPY_YF_FUTURE;QQQ_YF_FUTURE",,,,,,,none,false,20260621,research/configs/yfinance_phase1b_checkpoint1.json,"coverage_stability;rank_persistence;turnover;concentration;paper_TWR;paper_XIRR;relative_performance;fill_rejections","Minimum 36 months unless a frozen operational/risk abandonment rule triggers; no rule changes under the same ID",ecb336238f0bed434590239d650bc1c756b5e05af60ca69b44f2c06e3f811721,,superseded_without_activation,,, ,"Execution-heavy version was never activated and was superseded by broker-agnostic YF-FWD-SIMPLE-001"
EXP-0014,2026-06-22T06:43:51Z,coordinating_agent,current_factor_validation,H-YF-CALC-001,EXP-0012,confirmatory,yfinance_factor_semantics,completed,"Construct the complete current yfinance universe and validate aliases semantics factors coverage correlations and current scores without return analysis","Pre-performance data admission must use the full intended universe and independently reconcile accounting semantics",YFINANCE_1.4.0_20260622T064351Z,YF_CURRENT_US_NONFINANCIAL_698_20260622,YF_FACTOR_1.0.0,none,none,"SPY_YF_20260622;QQQ_YF_20260622",,,,,,,current_snapshot,false,20260622,research/configs/yfinance_statement_aliases_v1.json,"universe_count;endpoint_errors;factor_coverage;semantic_pass_rate;redundancy;score_coverage;storage_bytes","No capped leaf; zero final endpoint errors; core coverage >=80% overall and >=70% per sector; applicable semantic pass >=80% with adequate breadth; no return use",2c79cb79c6d3d5b743149f7b8928e5f577fc3527757dd975010d8406751ab87d,outputs/experiment_runs/EXP-0014/,conditional_pass_current_research,,2026-06-22T06:43:51Z,2026-06-22T07:12:44Z,"698 eligible names; primary Q/P/V/G sets frozen for current inspection; OP_MARGIN DILUTION and EBIT_EV diagnostic; shareholder yield and REC_CHANGE rejected; no performance analysis or YF-FWD-001 activation"
EXP-0015,2026-06-22T08:00:59Z,coordinating_agent,prospective_activation_readiness,H-YF-FWD-READY-001,EXP-0014,confirmatory,operational_readiness,completed,"Freeze and test universe refresh execution raw-share accounting benchmark parity monitoring and deterministic rehearsals without activating YF-FWD-001","A prospective experiment must be reproducible and operationally symmetric before its clock can start",YFINANCE_1.4.0_CKPT2_PLUS_INTRADAY_20260622,YF_CURRENT_US_NONFINANCIAL_RULE_1.0.0,YF_FACTOR_1.0.0,YF_QVP_READINESS_1.0.0,YF_COST_1.0.0_INCOMPLETE,"SPY_YF_PAPER_PARITY_1.0.0;QQQ_YF_PAPER_PARITY_1.0.0",,,,,,,"current_snapshot;intraday_smoke;two_dry_rehearsals",false,20260622,research/configs/yfinance_forward_readiness_v1.json,"intraday_window_coverage;ledger_test_pass;benchmark_parity;rehearsal_byte_identity;freeze_completeness","Every activation gate passes including Git commit and complete cost configuration; no strategy returns examined",8442cf2f66a4a7cee78205c66024fee35003ce68a76984bac4fc731fb911785e,outputs/experiment_runs/EXP-0015/,fail_activation_readiness,"No Git repository/commit hash and Tiered venue/regulatory/pass-through fees not frozen",2026-06-22T08:00:59Z,2026-06-22T08:20:00Z,"44 tests passed; 5m window selected; final twin rehearsals byte-identical; YF-FWD-001 remains registered_not_started; no returns or live orders"
EXP-0016,2026-06-22T08:30:00Z,coordinating_agent,simplified_activation_readiness,H-YF-SIMPLE-READY-001,EXP-0015,confirmatory,broker_agnostic_readiness,completed,"Replace broker/intraday execution assumptions with zero-cost next-session raw-Close accounting variable contributions and daily rehearsals","The prospective research should test stock selection and maintenance rather than broker execution detail",YFINANCE_1.4.0_CKPT2_IMMUTABLE,YF_CURRENT_US_NONFINANCIAL_RULE_1.0.0,YF_FACTOR_1.0.0,YF_QVP_SIMPLE_2.0.0,ZERO_COST_RESEARCH_2.0.0,"SPY_SIMPLE_PARITY_2.0.0;QQQ_SIMPLE_PARITY_2.0.0",,,,,,,"current_snapshot;two_synthetic_daily_rehearsals",false,20260622,research/configs/yfinance_forward_simplified_v2.json,"test_pass;next_session_guard;variable_contribution_parity;raw_share_reconstruction;rehearsal_byte_identity;git_freeze","All simplified gates pass with no same-day execution and no activation",6001d6012a50085e077bcf38d84e29ba5c4a3d780721207de485fe58cbda860d,outputs/experiment_runs/EXP-0016/,pass_activation_readiness,,2026-06-22T08:30:00Z,2026-06-22T08:45:00Z,"44 tests passed; daily rehearsal trees identical; Git code/config commit dfa839130a9fc5ea288c07cabefeae2f0e1240c4; zero-cost disclosure mandatory; no activation"
EXP-0017,2026-06-22T08:45:00Z,coordinating_agent,simplified_prospective_protocol,H-YF-FWD-SIMPLE-001,EXP-0016,prospective,yfinance_broker_agnostic_candidate_family,registered_not_started,"Prospectively observe frozen YF-QVP under variable external contributions and next-session raw-Close zero-cost accounting","Retrieval-time archives can test selection and portfolio maintenance without broker-specific simulation",FUTURE_YFINANCE_IMMUTABLE_SNAPSHOTS,YF_CURRENT_US_NONFINANCIAL_RULE_1.0.0,YF_FACTOR_1.0.0,YF_QVP_SIMPLE_2.0.0,ZERO_COST_RESEARCH_2.0.0,"SPY_SIMPLE_FUTURE;QQQ_SIMPLE_FUTURE",,,,,,,none,false,20260622,research/configs/yfinance_forward_simplified_v2.json,"operational_reconstruction;selection_difference;TWR;XIRR;drawdown;volatility;turnover;ending_value;rolling_relative_performance","Minimum 36 months; 60 preferred; paper results exclude all listed implementation costs; separate explicit activation required",6001d6012a50085e077bcf38d84e29ba5c4a3d780721207de485fe58cbda860d,,pending,,, ,"Ready but not started; YF-P YF-QP YF-QVGP fixed ablations; never select replacement from observed returns"
