year,histories_with_any_price,P1_score_count,P2_score_count,P3_score_count,P4_score_count
2010,711,696,696,696,696
2011,720,711,711,711,711
2012,742,720,720,720,720
2013,765,742,742,742,742
2014,792,765,765,765,765
2015,817,792,792,792,792
2016,841,817,817,817,817
2017,861,841,841,841,841
2018,891,861,861,861,861
2019,922,891,891,891,891
2020,968,922,922,922,922
2021,1023,968,968,968,968
2022,1033,1023,1023,1023,1023
2023,1053,1033,1033,1033,1033
2024,1069,1053,1053,1053,1053
2025,1069,1069,1069,1069,1069
