ticker,return_contribution
FTAI,0.053118266
GE,0.0366271
VST,0.030821083
HWM,0.02754688
POWL,0.02630906
ELF,0.025677957
TLN,0.025508452
SFM,0.02493854
LLY,0.023257526
STRL,0.021624364
RMBS,0.021074718
DELL,0.020614788
IDCC,0.02038802
NRG,0.019986475
GDDY,0.019971598
HRI,0.019952742
PSN,0.019596752
AROC,0.017332008
GNRC,0.017013868
MHO,0.016622731
CHRD,0.016426317
CVLT,0.016132092
FIZZ,0.016043078
JBL,0.01549274
GME,0.01363055
DTM,0.013394667
BCC,0.013326448
PRMB,0.013161618
PCAR,0.012935781
UUUU,0.011794098
MCK,0.0115014985
CW,0.011500502
APH,0.011489533
LW,0.0112519525
HUBS,0.010949886
CROX,0.010891749
PHM,0.010848453
DE,0.010818943
MYRG,0.010752288
MSTR,0.010532845
TXG,0.01027189
LNG,0.009499767
GLW,0.009148896
NFG,0.008993188
NFLX,0.00893489
DAR,0.008720772
LII,0.008590743
NI,0.008530466
PRM,0.008345026
ATKR,0.008251721
PPLI,0.0079752365
EME,0.0076322327
KMI,0.0075101126
MLI,0.00750675
WWD,0.007502141
VNOM,0.0074328408
DKS,0.007416716
PPC,0.0073033012
KTOS,0.0072680386
NEM,0.0072333156
WMT,0.00714308
AN,0.007087734
AZZ,0.006982835
CPRT,0.0069728745
DECK,0.006956823
MRK,0.0069419206
UTHR,0.006883227
TKO,0.0068812747
IT,0.006836361
NOC,0.006830427
NSIT,0.0066668885
EXLS,0.006603433
ADBE,0.0065561137
LAUR,0.006533458
TTMI,0.006181285
TDG,0.0061716824
UBER,0.0061579873
CNM,0.0059533254
TWST,0.005945664
TRGP,0.0057850257
EPAM,0.005771521
UNH,0.0057165828
OVV,0.0056997826
CAH,0.0056139342
SAIA,0.005517592
TTWO,0.005387764
AA,0.0052641137
LECO,0.0052130213
FOXA,0.0050104884
LDOS,0.004950557
RTX,0.004921548
CPB,0.0049077505
KFY,0.00479743
SNPS,0.004725308
FSS,0.0046369815
BSX,0.0044118688
MPC,0.0041252077
VRTX,0.0041011996
COST,0.004088138
CTVA,0.0040802225
HSY,0.004059492
GOOGL,0.0040351287
ETR,0.004013816
BATRK,0.0038853115
R,0.0037811399
ROKU,0.0036783486
CALM,0.0036756133
ESE,0.0036520746
EFX,0.0036499263
WMB,0.0036002765
FCX,0.0035505642
GPC,0.0035018171
T,0.0034822463
ACIW,0.0033364275
ADM,0.0033248551
VRSN,0.0032359206
PWR,0.0032255687
WDC,0.0031582625
SANM,0.0031290902
SGI,0.0030963554
VRSK,0.0030054445
ELV,0.0029345234
FTNT,0.0028966086
PEG,0.002859299
TXRH,0.0027858773
SCCO,0.0026620291
RGEN,0.0026349013
BELFB,0.0026189266
GIS,0.002614223
TXNM,0.0025827535
CVX,0.0025524143
AIT,0.0025263259
AZO,0.002522647
IDXX,0.0025072093
AVGO,0.0024986265
LRCX,0.0024533658
TXT,0.0024371007
ENTG,0.002400328
AKAM,0.0023608617
INDV,0.0022371344
RHI,0.002206922
ASTS,0.0021719898
ED,0.0021712426
PM,0.0021087218
RVTY,0.00209825
HEI,0.0020734863
MOG-A,0.0020480116
CSL,0.00203564
LOPE,0.0020077561
WFRD,0.0019070549
ABBV,0.0019023563
GTX,0.0018828042
INTU,0.0018184646
CEG,0.0017665783
MGRC,0.0017015986
FICO,0.001694228
FIX,0.0015685824
OMC,0.0015486313
BR,0.0015341411
CHD,0.001455918
UGI,0.0014557748
WING,0.0014122378
MAT,0.0013838762
TPR,0.0013543941
HLIO,0.0013448272
SLGN,0.0013319158
PANW,0.0012005572
KEYS,0.0011928636
ARCB,0.0011489117
PCG,0.0011370059
HII,0.0011234792
ENS,0.0011127675
ORA,0.0010416071
SJM,0.0010006665
CMI,0.0009995617
APG,0.0009977084
DHR,0.0009646764
POST,0.00092137686
BYD,0.000906724
NUE,0.00089354045
WEC,0.000861451
TSN,0.0008298855
MSI,0.0008235215
CACI,0.0008035621
COKE,0.00077294046
AMAT,0.00073846313
CI,0.00072914525
ALB,0.00070043886
TMUS,0.0006484566
BMI,0.0005960769
CTAS,0.00056740805
TJX,0.0005457555
RPRX,0.0005189448
CSCO,0.0003739754
PG,0.00036460606
PSMT,0.00036242697
TGT,0.000349266
RMD,0.00033173518
TTEK,0.0002969368
ACM,0.0002845294
HALO,0.00025632198
JNJ,0.00022419756
ACI,0.00021037972
DCO,0.00019502407
NVDA,0.00014040775
AAON,0.0001307822
MDLZ,0.000113191374
DOCU,1.6384025e-05
LHX,9.91812e-06
MCD,0.0
MATX,0.0
MCHP,0.0
MTN,0.0
META,0.0
MTCH,0.0
MTDR,0.0
SYY,0.0
MEDP,0.0
MSM,0.0
TAP,0.0
TALO,0.0
TPC,0.0
MDGL,0.0
MGM,0.0
MGEE,0.0
MHK,0.0
MSGE,0.0
TOST,0.0
MOD,0.0
UTI,0.0
MNST,0.0
MMSI,0.0
MMS,0.0
MMM,0.0
MOH,0.0
MOS,0.0
MAS,0.0
SWKS,0.0
MP,0.0
SWK,0.0
MLYS,0.0
MKSI,0.0
USFD,0.0
STZ,0.0
MPWR,0.0
MRCY,0.0
MKC,0.0
SYK,0.0
MIR,0.0
MIDD,0.0
MRNA,0.0
MRVL,0.0
SYNA,0.0
SYRE,0.0
MGY,0.0
MGNI,0.0
S,0.0
LOAR,0.0
MAR,0.0
LAD,0.0
KMB,0.0
THC,0.0
KMT,0.0
KMX,0.0
TGLS,0.0
KN,0.0
KNF,0.0
VFC,0.0
KNX,0.0
KO,0.0
TFX,0.0
KR,0.0
KRYS,0.0
KSS,0.0
KTB,0.0
TEX,0.0
KVUE,0.0
KLAC,0.0
KHC,0.0
KGS,0.0
JBLU,0.0
TKR,0.0
ITGR,0.0
ITRI,0.0
ITT,0.0
ITW,0.0
J,0.0
JBHT,0.0
JBTM,0.0
THO,0.0
JKHY,0.0
JOBY,0.0
KALU,0.0
VIAV,0.0
KBR,0.0
KD,0.0
KDP,0.0
KVYO,0.0
LASR,0.0
MANH,0.0
TER,0.0
VECO,0.0
VC,0.0
TE,0.0
TDY,0.0
LRN,0.0
VAC,0.0
LSTR,0.0
LTH,0.0
LUMN,0.0
LUV,0.0
LVS,0.0
TDW,0.0
LYFT,0.0
TDS,0.0
M,0.0
TNL,0.0
TARS,0.0
STE,0.0
LNT,0.0
TECH,0.0
LEU,0.0
LBRDK,0.0
LBRT,0.0
LCII,0.0
TENB,0.0
LEA,0.0
LEGN,0.0
LEN,0.0
LEVI,0.0
VEEV,0.0
LFST,0.0
LFUS,0.0
LH,0.0
LIF,0.0
TEM,0.0
LITE,0.0
LKQ,0.0
MTRN,0.0
NOV,0.0
MTSI,0.0
PRAX,0.0
POR,0.0
POWI,0.0
SITE,0.0
SIRI,0.0
PPG,0.0
PPL,0.0
TRMB,0.0
PR,0.0
SHOO,0.0
PNW,0.0
SHC,0.0
PRVA,0.0
PSX,0.0
PTC,0.0
PTCT,0.0
SHAK,0.0
PTEN,0.0
PVH,0.0
PODD,0.0
PLXS,0.0
TXN,0.0
PGNY,0.0
PEGA,0.0
PEN,0.0
SKY,0.0
PENG,0.0
PENN,0.0
PEP,0.0
U,0.0
PFGC,0.0
PH,0.0
PLUS,0.0
PHIN,0.0
PI,0.0
PII,0.0
PINS,0.0
TYL,0.0
PL,0.0
PLNT,0.0
PLTR,0.0
QBTS,0.0
SEM,0.0
ST,0.0
RRC,0.0
RNG,0.0
ROAD,0.0
ROG,0.0
ROK,0.0
ROP,0.0
SATS,0.0
ROST,0.0
RPM,0.0
RRR,0.0
RL,0.0
RRX,0.0
TSLA,0.0
TRN,0.0
RSI,0.0
RUN,0.0
RUSHA,0.0
RVMD,0.0
SAH,0.0
SBUX,0.0
RKLB,0.0
QRVO,0.0
RBC,0.0
QS,0.0
SEI,0.0
SDRL,0.0
QTWO,0.0
QXO,0.0
RAMP,0.0
RARE,0.0
TWLO,0.0
SCI,0.0
RIVN,0.0
RBRK,0.0
RCUS,0.0
RDDT,0.0
RDW,0.0
REGN,0.0
RELY,0.0
REYN,0.0
RH,0.0
PDFS,0.0
PCVX,0.0
PCTY,0.0
SNOW,0.0
RXO,0.0
NOVT,0.0
NOW,0.0
NPO,0.0
SOLV,0.0
NSC,0.0
TREX,0.0
NTCT,0.0
NTNX,0.0
SON,0.0
NTRA,0.0
NUVB,0.0
NUVL,0.0
NVST,0.0
NWE,0.0
NWN,0.0
NXST,0.0
SNDR,0.0
NOG,0.0
NJR,0.0
PCOR,0.0
UNFI,0.0
MTX,0.0
URBN,0.0
MU,0.0
MUR,0.0
SSRM,0.0
MWA,0.0
MXL,0.0
SSNC,0.0
NATL,0.0
NGVT,0.0
NBIX,0.0
NCLH,0.0
NDSN,0.0
NE,0.0
NEE,0.0
SRRK,0.0
SR,0.0
SPHR,0.0
SNA,0.0
SN,0.0
NXT,0.0
PATK,0.0
OUST,0.0
SM,0.0
OXY,0.0
P,0.0
PACS,0.0
PAG,0.0
PARR,0.0
PATH,0.0
PAY,0.0
NYT,0.0
PAYC,0.0
SLB,0.0
PAYX,0.0
PBF,0.0
SLAB,0.0
UAA,0.0
PBI,0.0
SKYW,0.0
SMCI,0.0
IRTC,0.0
OTIS,0.0
SMG,0.0
UNF,0.0
OGN,0.0
OGS,0.0
SMTC,0.0
OII,0.0
OKLO,0.0
OKTA,0.0
OLED,0.0
ON,0.0
ONTO,0.0
OPCH,0.0
UFPI,0.0
UEC,0.0
SMR,0.0
OSCR,0.0
UCTT,0.0
OSK,0.0
ISRG,0.0
VLTO,0.0
CTOS,0.0
CHEF,0.0
CHRW,0.0
CHTR,0.0
CIEN,0.0
CIFR,0.0
CL,0.0
CLF,0.0
WM,0.0
CLMT,0.0
CLOV,0.0
CLX,0.0
CMC,0.0
WLY,0.0
ALRM,0.0
CMS,0.0
CNC,0.0
WLK,0.0
ALNY,0.0
CNR,0.0
COCO,0.0
ZBH,0.0
CHE,0.0
WHR,0.0
YUM,0.0
WMG,0.0
CAVA,0.0
CBT,0.0
CC,0.0
AME,0.0
AMD,0.0
CCK,0.0
CCL,0.0
CDE,0.0
CDNS,0.0
CDW,0.0
CE,0.0
CECO,0.0
CENTA,0.0
CENX,0.0
CF,0.0
AMBA,0.0
CGNX,0.0
CGON,0.0
COGT,0.0
COHU,0.0
CART,0.0
WEX,0.0
ZETA,0.0
CWAN,0.0
CWEN,0.0
CWST,0.0
CWT,0.0
ALAB,0.0
CXW,0.0
CYTK,0.0
AIR,0.0
CZR,0.0
D,0.0
DAL,0.0
AIN,0.0
DAN,0.0
AGX,0.0
DBD,0.0
DBX,0.0
AGIO,0.0
WERN,0.0
CVSA,0.0
CVNA,0.0
COLM,0.0
CVI,0.0
COO,0.0
COP,0.0
ALHC,0.0
CORZ,0.0
CPAY,0.0
CPNG,0.0
CR,0.0
CRC,0.0
CRGY,0.0
CRK,0.0
ALGT,0.0
WHD,0.0
CRNX,0.0
CRS,0.0
CRUS,0.0
CSX,0.0
ALGN,0.0
CTRI,0.0
CTSH,0.0
CASY,0.0
WMS,0.0
DDOG,0.0
AVA,0.0
AVNT,0.0
AMZN,0.0
XMTR,0.0
AVT,0.0
XEL,0.0
WYNN,0.0
AWK,0.0
AWR,0.0
AXON,0.0
AXTA,0.0
AXTI,0.0
AYI,0.0
BA,0.0
YOU,0.0
BALL,0.0
BAX,0.0
BBIO,0.0
AMRX,0.0
BBY,0.0
AVAV,0.0
AUR,0.0
BCO,0.0
AU,0.0
XYZ,0.0
AOS,0.0
APA,0.0
XYL,0.0
APLD,0.0
APP,0.0
XRAY,0.0
XPO,0.0
ARQT,0.0
ARW,0.0
ARWR,0.0
ASH,0.0
ASO,0.0
ATEN,0.0
ATI,0.0
ATMU,0.0
XOM,0.0
ATR,0.0
ATRO,0.0
BC,0.0
AMR,0.0
CARG,0.0
BLD,0.0
BMRN,0.0
WS,0.0
BOOT,0.0
BOX,0.0
BRC,0.0
AMKR,0.0
BROS,0.0
BRZE,0.0
BSY,0.0
BTSG,0.0
BTU,0.0
BURL,0.0
WRBY,0.0
WOR,0.0
AMGN,0.0
CAG,0.0
CAKE,0.0
CALY,0.0
CAR,0.0
AMPX,0.0
BKR,0.0
BCPC,0.0
BKNG,0.0
BCRX,0.0
BDC,0.0
BDX,0.0
BE,0.0
WTTR,0.0
BEPC,0.0
BF-B,0.0
BFAM,0.0
WTRG,0.0
BHE,0.0
BHVN,0.0
BIIB,0.0
BILL,0.0
BIO,0.0
BIPC,0.0
BJ,0.0
BKD,0.0
WSO,0.0
BKH,0.0
DD,0.0
DFTX,0.0
ANDE,0.0
GPGI,0.0
GPN,0.0
GPOR,0.0
GRAL,0.0
ACHC,0.0
GRBK,0.0
GRND,0.0
GSAT,0.0
GTES,0.0
GTLB,0.0
GTLS,0.0
ACAD,0.0
VNT,0.0
ACA,0.0
GXO,0.0
H,0.0
HAE,0.0
HAL,0.0
HAS,0.0
HAYW,0.0
GPK,0.0
GOLF,0.0
ABT,0.0
GNTX,0.0
FTV,0.0
FUL,0.0
FUN,0.0
AD,0.0
GAP,0.0
GATX,0.0
ACLS,0.0
GEF,0.0
GEHC,0.0
GEN,0.0
GEO,0.0
GEV,0.0
GFS,0.0
GGG,0.0
GH,0.0
ACHR,0.0
GKOS,0.0
GM,0.0
GMED,0.0
HCC,0.0
HE,0.0
FSLY,0.0
ICHR,0.0
IDA,0.0
IDYA,0.0
IEX,0.0
IFF,0.0
ILMN,0.0
IMVT,0.0
INCY,0.0
INGR,0.0
ABG,0.0
INSW,0.0
INTC,0.0
IONQ,0.0
AAP,0.0
IOSP,0.0
IOT,0.0
IP,0.0
AAL,0.0
IPGP,0.0
IQV,0.0
ICUI,0.0
IBRX,0.0
HGV,0.0
IBP,0.0
VMC,0.0
HL,0.0
ABNB,0.0
HNI,0.0
HOG,0.0
HON,0.0
HP,0.0
HPE,0.0
HQY,0.0
VLO,0.0
HRL,0.0
HSIC,0.0
ABM,0.0
VISN,0.0
HUBG,0.0
HUM,0.0
HUN,0.0
HXL,0.0
VICR,0.0
FTDR,0.0
FRSH,0.0
ZG,0.0
DPZ,0.0
DRS,0.0
DRVN,0.0
DT,0.0
AEIS,0.0
DUK,0.0
DUOL,0.0
DVA,0.0
DVN,0.0
DXCM,0.0
DYN,0.0
EA,0.0
EAT,0.0
WDAY,0.0
ECL,0.0
EE,0.0
EEFT,0.0
WCC,0.0
EIX,0.0
EL,0.0
DRI,0.0
ZS,0.0
ELVN,0.0
DOX,0.0
DG,0.0
AESI,0.0
DGX,0.0
DHI,0.0
DINO,0.0
DIOD,0.0
DIS,0.0
DK,0.0
DKNG,0.0
DLB,0.0
AES,0.0
DLTR,0.0
DNLI,0.0
DNOW,0.0
DOCN,0.0
DOCS,0.0
DORM,0.0
ZM,0.0
DOW,0.0
ELAN,0.0
EMN,0.0
ADEA,0.0
VVX,0.0
FANG,0.0
VTRS,0.0
FBIN,0.0
VSH,0.0
ADI,0.0
VSEC,0.0
FELE,0.0
VSAT,0.0
FIS,0.0
FIVE,0.0
FLEX,0.0
FLNC,0.0
FLR,0.0
FLS,0.0
FLUT,0.0
FND,0.0
FORM,0.0
FOUR,0.0
FROG,0.0
FA,0.0
EXTR,0.0
EMR,0.0
EXPO,0.0
ADT,0.0
ENSG,0.0
EOG,0.0
EQT,0.0
ERAS,0.0
ES,0.0
ADSK,0.0
WAY,0.0
ADPT,0.0
ETSY,0.0
EVRG,0.0
EW,0.0
EWTX,0.0
ADP,0.0
EXE,0.0
EXEL,0.0
W,0.0
VZ,0.0
EXPE,0.0
YETI,0.0
IRDM,-1.8930281e-05
BBWI,-8.6177024e-05
CRL,-9.829551e-05
ZBRA,-0.00013843377
CHDN,-0.00014041946
PRDO,-0.00016390905
VMI,-0.00017601985
PRIM,-0.0001766542
EXC,-0.00023707561
IPAR,-0.00025780709
CXT,-0.00027571246
NWS,-0.00027944497
MTH,-0.0003238842
NKE,-0.0003256397
BRKR,-0.00038688842
FWONK,-0.00043104764
BWXT,-0.00045359158
DASH,-0.0005015828
OLN,-0.0005038865
GD,-0.00051803736
CHH,-0.00053408253
DOV,-0.0005656049
ROL,-0.00069517625
GILD,-0.000733441
SRE,-0.00078200595
WSM,-0.000798497
NTAP,-0.00081488374
DGII,-0.00083817774
COR,-0.00083891745
AAPL,-0.0008587279
OKE,-0.00086989906
NET,-0.0008739517
BAH,-0.0009166439
MSGS,-0.00093572756
KEX,-0.0010400214
GWW,-0.0011031199
HLT,-0.0011054866
AEE,-0.0011062586
ESI,-0.001129949
IR,-0.0011330495
IONS,-0.0011408282
CNP,-0.0011583632
MDU,-0.0012742374
INSM,-0.0012746637
HTO,-0.0012777075
MLM,-0.0013593347
UHAL,-0.0013833413
CMG,-0.0013995662
ORLY,-0.0014049192
POOL,-0.0014203615
AGYS,-0.0014384645
TOL,-0.0014620228
LLYVK,-0.001565841
SPXC,-0.0015783922
SAIC,-0.0016548175
VRNS,-0.0016562981
ZWS,-0.001663652
WAB,-0.0016852779
GFF,-0.0017141653
FERG,-0.0017163997
AGCO,-0.0017586263
DY,-0.00176833
AVY,-0.0017738987
PBH,-0.0018106506
CMCSA,-0.0018170004
FFIV,-0.0018587117
ORCL,-0.0018763288
VVV,-0.0019006336
MO,-0.0019917954
PRKS,-0.0021365418
BMY,-0.0021384927
TTC,-0.0021912605
TMO,-0.002217322
CAT,-0.0022261264
LSCC,-0.0022292747
QCOM,-0.0022463058
KNTK,-0.0022667851
AM,-0.0022782125
FDX,-0.0023176153
UPS,-0.0023462502
MSFT,-0.0024007303
WK,-0.002465468
ULS,-0.0024719131
EBAY,-0.002477155
MZTI,-0.0024926267
ESAB,-0.0025620745
WTS,-0.0026426986
GWRE,-0.002708925
CVS,-0.0027142377
AVTR,-0.002740372
SSD,-0.0027821416
MUSA,-0.0028321596
EXPD,-0.002845155
OGE,-0.0028557219
BWA,-0.002858173
ZTS,-0.0028728908
DTE,-0.0028735194
PKG,-0.0029060491
SO,-0.0029743758
DCI,-0.0030257988
RS,-0.0030363284
HUBB,-0.0030539113
LOW,-0.003082693
APD,-0.0031035026
SXT,-0.003170422
CARR,-0.0031808226
LYV,-0.003262666
AR,-0.0032768154
EHC,-0.003345713
UNP,-0.0034560708
OPLN,-0.0034945551
KBH,-0.0035544173
F,-0.0035551128
WST,-0.003690018
QSR,-0.0037620505
VRT,-0.0037620584
ODFL,-0.003762212
AWI,-0.0038261139
ATO,-0.003908146
CRWD,-0.0039305175
RBA,-0.003973839
SNX,-0.003981957
AMSC,-0.0040332824
FSLR,-0.0041095633
FCN,-0.004109578
AEP,-0.004117463
QLYS,-0.0041236468
BLDR,-0.0041803326
HRB,-0.004185153
PTON,-0.004317732
TSCO,-0.0043414673
HPQ,-0.004352178
UHS,-0.004423041
TMHC,-0.004424438
TPL,-0.0046061105
RGLD,-0.0046081985
AEO,-0.004734932
CALX,-0.004737089
SHW,-0.004785214
WH,-0.004806468
SWX,-0.004837935
LMT,-0.004936996
ANET,-0.0049579293
RBLX,-0.0049720844
CLH,-0.0049739922
MSA,-0.0050625936
AVPT,-0.005088383
FE,-0.0051019927
WAT,-0.0051449435
CRM,-0.005194765
MTZ,-0.005257873
BEAM,-0.0052805245
A,-0.0053293305
ARMK,-0.005341893
FAST,-0.0055483067
URI,-0.0057291323
HCA,-0.005770103
COHR,-0.0057828138
CHWY,-0.0058226194
OC,-0.005986748
BKE,-0.0061141653
OTTR,-0.0062070135
ANF,-0.0063647446
STLD,-0.006445432
PFE,-0.0065530515
LPX,-0.0065661967
TDC,-0.0065906523
CNK,-0.0067154667
REZI,-0.00673658
RCL,-0.006830986
OSIS,-0.0069465563
HD,-0.0069925776
BW,-0.007468467
ALSN,-0.0075596315
ULTA,-0.007878991
RSG,-0.007959844
ALGM,-0.007989454
IBM,-0.008404886
EXP,-0.008958066
GVA,-0.008978761
HIMS,-0.009605909
WBD,-0.0097694285
BG,-0.010289734
CNX,-0.0114308335
ALK,-0.011887329
PSKY,-0.012540344
UAL,-0.012958527
