run_id,retrieval_started_at_utc,retrieval_completed_at_utc,score_session,source_snapshot,eligible_count,scored_count,code_commit,configuration_sha256,output_manifest_sha256,ticker,yf_p_score,YF-P_percentile,YF-QP,YF-QP_percentile,qvp_score,YF-QVP_percentile,YF-QVGP,YF-QVGP_percentile,quality_score,value_score,price_score,Growth,company_name,sector,industry,info_market_cap,latest_close,unconstrained_rank,price_rank,latest_price_session,data_quality_flags,portfolio_rank,target_weight,selection_reason
2026-06-22T160715Z,2026-06-22T16:07:15.765832+00:00,2026-06-22T17:23:48.252300+00:00,2026-06-18,data/prospective/daily_qvp/snapshots/2026-06-22T160715Z/raw,1070,1034,bf973ff3ecce3842bc807909b6a11c9ba3d11429,d3881a1328862a39dc4af32e15c4826237a09adca2da7038eafb5659ddb68bb4,3cbd5f76b124b82ce4f26fb66fcb37946580c4a15ad9e837f6f5beb2a7d3fb8d,NTCT,0.7913551401869159,0.9719626168224299,0.7311607805766684,0.9594594594594594,0.7762293091732344,1.0,0.6914062161141601,0.9825581395348837,0.670966420966421,0.8663663663663664,0.7913551401869159,0.4369369369369369,"NetScout Systems, Inc.",Technology,Software - Infrastructure,2829780736,39.66999816894531,1.0,31.0,2026-06-18,none,1,0.03333333333333333,unconstrained_top_30
2026-06-22T160715Z,2026-06-22T16:07:15.765832+00:00,2026-06-22T17:23:48.252300+00:00,2026-06-18,data/prospective/daily_qvp/snapshots/2026-06-22T160715Z/raw,1070,1034,bf973ff3ecce3842bc807909b6a11c9ba3d11429,d3881a1328862a39dc4af32e15c4826237a09adca2da7038eafb5659ddb68bb4,3cbd5f76b124b82ce4f26fb66fcb37946580c4a15ad9e837f6f5beb2a7d3fb8d,CRUS,0.7170560747663551,0.8392523364485981,0.7630837294388696,0.9797297297297297,0.7424562200263135,0.9990328820116054,0.6474953181728883,0.9515503875968992,0.8091113841113841,0.7012012012012012,0.7170560747663551,0.3626126126126126,"Cirrus Logic, Inc.",Technology,Semiconductors,8406431744,165.2899932861328,2.0,173.0,2026-06-18,none,2,0.03333333333333333,unconstrained_top_30
2026-06-22T160715Z,2026-06-22T16:07:15.765832+00:00,2026-06-22T17:23:48.252300+00:00,2026-06-18,data/prospective/daily_qvp/snapshots/2026-06-22T160715Z/raw,1070,1034,bf973ff3ecce3842bc807909b6a11c9ba3d11429,d3881a1328862a39dc4af32e15c4826237a09adca2da7038eafb5659ddb68bb4,3cbd5f76b124b82ce4f26fb66fcb37946580c4a15ad9e837f6f5beb2a7d3fb8d,RAMP,0.6214953271028036,0.6682242990654206,0.695191766745505,0.9198841698841699,0.7372349516041105,0.9980657640232108,0.7128361236129928,0.9893410852713178,0.7688882063882063,0.8213213213213213,0.6214953271028036,0.6396396396396397,"LiveRamp Holdings, Inc.",Technology,Software - Infrastructure,2264411136,37.7400016784668,3.0,356.0,2026-06-18,none,3,0.03333333333333333,unconstrained_top_30
2026-06-22T160715Z,2026-06-22T16:07:15.765832+00:00,2026-06-22T17:23:48.252300+00:00,2026-06-18,data/prospective/daily_qvp/snapshots/2026-06-22T160715Z/raw,1070,1034,bf973ff3ecce3842bc807909b6a11c9ba3d11429,d3881a1328862a39dc4af32e15c4826237a09adca2da7038eafb5659ddb68bb4,3cbd5f76b124b82ce4f26fb66fcb37946580c4a15ad9e837f6f5beb2a7d3fb8d,DINO,0.7366822429906542,0.8794392523364486,0.6647696929238985,0.8803088803088803,0.7367372182517867,0.9970986460348162,0.6739814851174115,0.9786821705426356,0.5928571428571429,0.8806722689075631,0.7366822429906542,0.48571428571428565,HF Sinclair Corporation,Energy,Oil & Gas Refining & Marketing,11624161280,64.5,4.0,130.0,2026-06-18,none,4,0.03333333333333333,unconstrained_top_30
2026-06-22T160715Z,2026-06-22T16:07:15.765832+00:00,2026-06-22T17:23:48.252300+00:00,2026-06-18,data/prospective/daily_qvp/snapshots/2026-06-22T160715Z/raw,1070,1034,bf973ff3ecce3842bc807909b6a11c9ba3d11429,d3881a1328862a39dc4af32e15c4826237a09adca2da7038eafb5659ddb68bb4,3cbd5f76b124b82ce4f26fb66fcb37946580c4a15ad9e837f6f5beb2a7d3fb8d,UGI,0.47126168224299064,0.4144859813084112,0.6388855167497829,0.831081081081081,0.7347749019386499,0.9961315280464217,0.6588397971436426,0.9670542635658915,0.8065093512565752,0.9265536723163841,0.47126168224299064,0.4310344827586207,UGI Corporation,Utilities,Utilities - Regulated Gas,7291487232,33.810001373291016,5.0,627.0,2026-06-18,none,5,0.03333333333333333,unconstrained_top_30
2026-06-22T160715Z,2026-06-22T16:07:15.765832+00:00,2026-06-22T17:23:48.252300+00:00,2026-06-18,data/prospective/daily_qvp/snapshots/2026-06-22T160715Z/raw,1070,1034,bf973ff3ecce3842bc807909b6a11c9ba3d11429,d3881a1328862a39dc4af32e15c4826237a09adca2da7038eafb5659ddb68bb4,3cbd5f76b124b82ce4f26fb66fcb37946580c4a15ad9e837f6f5beb2a7d3fb8d,VISN,0.6518691588785047,0.7242990654205608,0.6299758366055095,0.8117760617760618,0.732296203382652,0.995164410058027,0.7845825128973494,1.0,0.6080825143325144,0.936936936936937,0.6518691588785047,0.9414414414414415,"Vistance Networks, Inc.",Technology,Communication Equipment,2896314112,12.65999984741211,6.0,296.0,2026-06-18,none,6,0.03333333333333333,unconstrained_top_30
2026-06-22T160715Z,2026-06-22T16:07:15.765832+00:00,2026-06-22T17:23:48.252300+00:00,2026-06-18,data/prospective/daily_qvp/snapshots/2026-06-22T160715Z/raw,1070,1034,bf973ff3ecce3842bc807909b6a11c9ba3d11429,d3881a1328862a39dc4af32e15c4826237a09adca2da7038eafb5659ddb68bb4,3cbd5f76b124b82ce4f26fb66fcb37946580c4a15ad9e837f6f5beb2a7d3fb8d,MLI,0.7446261682242992,0.9009345794392524,0.8223318499149309,0.9980694980694981,0.7311120887338478,0.9941972920696325,0.7327785109948303,0.9941860465116279,0.9000375316055627,0.5486725663716815,0.7446261682242992,0.7377777777777779,"Mueller Industries, Inc.",Industrials,Metal Fabrication,15320664064,137.38999938964844,7.0,107.0,2026-06-18,none,7,0.03333333333333333,unconstrained_top_30
2026-06-22T160715Z,2026-06-22T16:07:15.765832+00:00,2026-06-22T17:23:48.252300+00:00,2026-06-18,data/prospective/daily_qvp/snapshots/2026-06-22T160715Z/raw,1070,1034,bf973ff3ecce3842bc807909b6a11c9ba3d11429,d3881a1328862a39dc4af32e15c4826237a09adca2da7038eafb5659ddb68bb4,3cbd5f76b124b82ce4f26fb66fcb37946580c4a15ad9e837f6f5beb2a7d3fb8d,EIX,0.7588785046728972,0.9327102803738317,0.7172168677660219,0.9391891891891891,0.7286153883035249,0.9932301740812379,0.7436598170897126,0.997093023255814,0.6755552308591466,0.751412429378531,0.7588785046728972,0.7887931034482758,Edison International,Utilities,Utilities - Regulated Electric,27759036416,71.88999938964844,8.0,73.0,2026-06-18,none,8,0.03333333333333333,unconstrained_top_30
2026-06-22T160715Z,2026-06-22T16:07:15.765832+00:00,2026-06-22T17:23:48.252300+00:00,2026-06-18,data/prospective/daily_qvp/snapshots/2026-06-22T160715Z/raw,1070,1034,bf973ff3ecce3842bc807909b6a11c9ba3d11429,d3881a1328862a39dc4af32e15c4826237a09adca2da7038eafb5659ddb68bb4,3cbd5f76b124b82ce4f26fb66fcb37946580c4a15ad9e837f6f5beb2a7d3fb8d,KFY,0.5212616822429906,0.4934579439252336,0.636448141216312,0.8262548262548263,0.7242004323939621,0.9922630560928434,0.673705879851027,0.9777131782945736,0.7516346001896334,0.8997050147492623,0.5212616822429906,0.5222222222222221,Korn Ferry,Industrials,Staffing & Employment Services,3600964096,71.45999908447266,9.0,543.0,2026-06-18,none,9,0.03333333333333333,unconstrained_top_30
2026-06-22T160715Z,2026-06-22T16:07:15.765832+00:00,2026-06-22T17:23:48.252300+00:00,2026-06-18,data/prospective/daily_qvp/snapshots/2026-06-22T160715Z/raw,1070,1034,bf973ff3ecce3842bc807909b6a11c9ba3d11429,d3881a1328862a39dc4af32e15c4826237a09adca2da7038eafb5659ddb68bb4,3cbd5f76b124b82ce4f26fb66fcb37946580c4a15ad9e837f6f5beb2a7d3fb8d,APA,0.6953271028037384,0.8018691588785046,0.7298064085447263,0.9555984555984556,0.7235123956124507,0.9912959381044487,0.6194200109950523,0.9166666666666666,0.7642857142857142,0.7109243697478992,0.6953271028037384,0.3071428571428571,APA Corporation,Energy,Oil & Gas E&P,11911947264,33.029998779296875,10.0,213.0,2026-06-18,none,10,0.03333333333333333,unconstrained_top_30
2026-06-22T160715Z,2026-06-22T16:07:15.765832+00:00,2026-06-22T17:23:48.252300+00:00,2026-06-18,data/prospective/daily_qvp/snapshots/2026-06-22T160715Z/raw,1070,1034,bf973ff3ecce3842bc807909b6a11c9ba3d11429,d3881a1328862a39dc4af32e15c4826237a09adca2da7038eafb5659ddb68bb4,3cbd5f76b124b82ce4f26fb66fcb37946580c4a15ad9e837f6f5beb2a7d3fb8d,INCY,0.5357476635514019,0.5205607476635514,0.7339613531406823,0.9613899613899614,0.7230738025266886,0.9903288201160542,0.7402522117983981,0.9961240310077519,0.9321750427299627,0.7012987012987013,0.5357476635514019,0.7917874396135265,Incyte Corporation,Healthcare,Biotechnology,20397758464,98.22000122070312,11.0,514.0,2026-06-18,none,11,0.03333333333333333,unconstrained_top_30
2026-06-22T160715Z,2026-06-22T16:07:15.765832+00:00,2026-06-22T17:23:48.252300+00:00,2026-06-18,data/prospective/daily_qvp/snapshots/2026-06-22T160715Z/raw,1070,1034,bf973ff3ecce3842bc807909b6a11c9ba3d11429,d3881a1328862a39dc4af32e15c4826237a09adca2da7038eafb5659ddb68bb4,3cbd5f76b124b82ce4f26fb66fcb37946580c4a15ad9e837f6f5beb2a7d3fb8d,AZZ,0.7563084112149533,0.9271028037383178,0.7397317182497016,0.9652509652509652,0.7188181956472938,0.9893617021276596,0.6896692022910259,0.9815891472868217,0.7231550252844501,0.6769911504424778,0.7563084112149533,0.6022222222222222,AZZ Inc.,Industrials,Specialty Business Services,4798756352,157.17999267578125,12.0,79.0,2026-06-18,none,12,0.03333333333333333,unconstrained_top_30
2026-06-22T160715Z,2026-06-22T16:07:15.765832+00:00,2026-06-22T17:23:48.252300+00:00,2026-06-18,data/prospective/daily_qvp/snapshots/2026-06-22T160715Z/raw,1070,1034,bf973ff3ecce3842bc807909b6a11c9ba3d11429,d3881a1328862a39dc4af32e15c4826237a09adca2da7038eafb5659ddb68bb4,3cbd5f76b124b82ce4f26fb66fcb37946580c4a15ad9e837f6f5beb2a7d3fb8d,POR,0.627570093457944,0.680841121495327,0.6478732992128995,0.8474903474903475,0.7181678868575639,0.988394584139265,0.6506948806604143,0.9554263565891473,0.668176504967855,0.8587570621468927,0.627570093457944,0.4482758620689655,Portland General Electric Company,Utilities,Utilities - Regulated Electric,5850151936,50.18000030517578,13.0,342.0,2026-06-18,none,13,0.03333333333333333,unconstrained_top_30
2026-06-22T160715Z,2026-06-22T16:07:15.765832+00:00,2026-06-22T17:23:48.252300+00:00,2026-06-18,data/prospective/daily_qvp/snapshots/2026-06-22T160715Z/raw,1070,1034,bf973ff3ecce3842bc807909b6a11c9ba3d11429,d3881a1328862a39dc4af32e15c4826237a09adca2da7038eafb5659ddb68bb4,3cbd5f76b124b82ce4f26fb66fcb37946580c4a15ad9e837f6f5beb2a7d3fb8d,TDC,0.5320093457943925,0.514018691588785,0.6634248203173436,0.8774131274131274,0.7173082385699208,0.9874274661508704,0.5830262239724856,0.8284883720930233,0.7948402948402948,0.825075075075075,0.5320093457943925,0.18018018018018014,Teradata Corporation,Technology,Software - Infrastructure,2758071040,30.8799991607666,14.0,520.0,2026-06-18,none,14,0.03333333333333333,unconstrained_top_30
2026-06-22T160715Z,2026-06-22T16:07:15.765832+00:00,2026-06-22T17:23:48.252300+00:00,2026-06-18,data/prospective/daily_qvp/snapshots/2026-06-22T160715Z/raw,1070,1034,bf973ff3ecce3842bc807909b6a11c9ba3d11429,d3881a1328862a39dc4af32e15c4826237a09adca2da7038eafb5659ddb68bb4,3cbd5f76b124b82ce4f26fb66fcb37946580c4a15ad9e837f6f5beb2a7d3fb8d,ED,0.6135514018691589,0.6546728971962616,0.6829446080064673,0.9054054054054054,0.7114169326446129,0.9864603481624759,0.6714937339662183,0.9767441860465116,0.7523378141437757,0.768361581920904,0.6135514018691589,0.5517241379310345,"Consolidated Edison, Inc.",Utilities,Utilities - Regulated Electric,39624310784,106.36000061035156,15.0,370.0,2026-06-18,none,15,0.03333333333333333,unconstrained_top_30
2026-06-22T160715Z,2026-06-22T16:07:15.765832+00:00,2026-06-22T17:23:48.252300+00:00,2026-06-18,data/prospective/daily_qvp/snapshots/2026-06-22T160715Z/raw,1070,1034,bf973ff3ecce3842bc807909b6a11c9ba3d11429,d3881a1328862a39dc4af32e15c4826237a09adca2da7038eafb5659ddb68bb4,3cbd5f76b124b82ce4f26fb66fcb37946580c4a15ad9e837f6f5beb2a7d3fb8d,PRDO,0.5219626168224298,0.4953271028037383,0.7092234959112149,0.9353281853281853,0.7019823306074766,0.9854932301740812,0.6514867479556075,0.9573643410852714,0.896484375,0.6875,0.5219626168224298,0.5,Perdoceo Education Corporation,Consumer Defensive,Education & Training Services,2047884288,32.029998779296875,16.0,541.0,2026-06-18,none,16,0.03333333333333333,unconstrained_top_30
2026-06-22T160715Z,2026-06-22T16:07:15.765832+00:00,2026-06-22T17:23:48.252300+00:00,2026-06-18,data/prospective/daily_qvp/snapshots/2026-06-22T160715Z/raw,1070,1034,bf973ff3ecce3842bc807909b6a11c9ba3d11429,d3881a1328862a39dc4af32e15c4826237a09adca2da7038eafb5659ddb68bb4,3cbd5f76b124b82ce4f26fb66fcb37946580c4a15ad9e837f6f5beb2a7d3fb8d,ZM,0.4836448598130841,0.4308411214953271,0.6618367624208745,0.8716216216216216,0.7009842680403429,0.9845261121856866,0.6524273902194463,0.9583333333333334,0.840028665028665,0.7792792792792792,0.4836448598130841,0.5067567567567568,"Zoom Communications, Inc.",Technology,Software - Application,24344137728,86.36000061035156,17.0,610.0,2026-06-18,none,17,0.03333333333333333,unconstrained_top_30
2026-06-22T160715Z,2026-06-22T16:07:15.765832+00:00,2026-06-22T17:23:48.252300+00:00,2026-06-18,data/prospective/daily_qvp/snapshots/2026-06-22T160715Z/raw,1070,1034,bf973ff3ecce3842bc807909b6a11c9ba3d11429,d3881a1328862a39dc4af32e15c4826237a09adca2da7038eafb5659ddb68bb4,3cbd5f76b124b82ce4f26fb66fcb37946580c4a15ad9e837f6f5beb2a7d3fb8d,TTC,0.6978971962616822,0.8102803738317756,0.718862077903281,0.944015444015444,0.6985137549837016,0.9835589941972921,0.5794408717933318,0.812984496124031,0.7398269595448799,0.6578171091445427,0.6978971962616822,0.2222222222222222,The Toro Company,Industrials,Tools & Accessories,8849680384,92.61000061035156,18.0,204.0,2026-06-18,none,18,0.03333333333333333,unconstrained_top_30
2026-06-22T160715Z,2026-06-22T16:07:15.765832+00:00,2026-06-22T17:23:48.252300+00:00,2026-06-18,data/prospective/daily_qvp/snapshots/2026-06-22T160715Z/raw,1070,1034,bf973ff3ecce3842bc807909b6a11c9ba3d11429,d3881a1328862a39dc4af32e15c4826237a09adca2da7038eafb5659ddb68bb4,3cbd5f76b124b82ce4f26fb66fcb37946580c4a15ad9e837f6f5beb2a7d3fb8d,SNA,0.6324766355140188,0.6878504672897197,0.7429973648492976,0.9671814671814671,0.6964131891522358,0.9825918762088974,0.5956432251975101,0.8575581395348837,0.8535180941845765,0.603244837758112,0.6324766355140188,0.29333333333333333,Snap-on Incorporated,Industrials,Tools & Accessories,20245741568,387.25,19.0,335.0,2026-06-18,none,19,0.03333333333333333,unconstrained_top_30
2026-06-22T160715Z,2026-06-22T16:07:15.765832+00:00,2026-06-22T17:23:48.252300+00:00,2026-06-18,data/prospective/daily_qvp/snapshots/2026-06-22T160715Z/raw,1070,1034,bf973ff3ecce3842bc807909b6a11c9ba3d11429,d3881a1328862a39dc4af32e15c4826237a09adca2da7038eafb5659ddb68bb4,3cbd5f76b124b82ce4f26fb66fcb37946580c4a15ad9e837f6f5beb2a7d3fb8d,CALM,0.35560747663551395,0.2467289719626168,0.594795925817757,0.7355212355212355,0.6960097838785048,0.9816247582205029,0.7700542129088785,0.999031007751938,0.833984375,0.8984375,0.35560747663551395,0.9921875,"Cal-Maine Foods, Inc.",Consumer Defensive,Farm Products,3633358080,77.7300033569336,20.0,807.0,2026-06-18,none,20,0.03333333333333333,unconstrained_top_30
2026-06-22T160715Z,2026-06-22T16:07:15.765832+00:00,2026-06-22T17:23:48.252300+00:00,2026-06-18,data/prospective/daily_qvp/snapshots/2026-06-22T160715Z/raw,1070,1034,bf973ff3ecce3842bc807909b6a11c9ba3d11429,d3881a1328862a39dc4af32e15c4826237a09adca2da7038eafb5659ddb68bb4,3cbd5f76b124b82ce4f26fb66fcb37946580c4a15ad9e837f6f5beb2a7d3fb8d,ENS,0.7988317757009347,0.9775700934579439,0.7171258673068517,0.9382239382239382,0.6939147866608116,0.9806576402321083,0.6109916455511644,0.9011627906976745,0.6354199589127687,0.6474926253687316,0.7988317757009347,0.3622222222222222,EnerSys,Industrials,Electrical Equipment & Parts,8451307520,227.9499969482422,21.0,25.0,2026-06-18,none,21,0.03333333333333333,unconstrained_top_30
2026-06-22T160715Z,2026-06-22T16:07:15.765832+00:00,2026-06-22T17:23:48.252300+00:00,2026-06-18,data/prospective/daily_qvp/snapshots/2026-06-22T160715Z/raw,1070,1034,bf973ff3ecce3842bc807909b6a11c9ba3d11429,d3881a1328862a39dc4af32e15c4826237a09adca2da7038eafb5659ddb68bb4,3cbd5f76b124b82ce4f26fb66fcb37946580c4a15ad9e837f6f5beb2a7d3fb8d,PARR,0.6450934579439253,0.7130841121495327,0.6350467289719626,0.8233590733590733,0.6923887623585259,0.9796905222437138,0.6496487146260372,0.9544573643410853,0.625,0.8070728291316526,0.6450934579439253,0.5214285714285715,"Par Pacific Holdings, Inc.",Energy,Oil & Gas Refining & Marketing,2526769920,50.88999938964844,22.0,308.0,2026-06-18,none,22,0.03333333333333333,unconstrained_top_30
2026-06-22T160715Z,2026-06-22T16:07:15.765832+00:00,2026-06-22T17:23:48.252300+00:00,2026-06-18,data/prospective/daily_qvp/snapshots/2026-06-22T160715Z/raw,1070,1034,bf973ff3ecce3842bc807909b6a11c9ba3d11429,d3881a1328862a39dc4af32e15c4826237a09adca2da7038eafb5659ddb68bb4,3cbd5f76b124b82ce4f26fb66fcb37946580c4a15ad9e837f6f5beb2a7d3fb8d,EXE,0.35864485981308414,0.2504672897196262,0.6096795727636849,0.7654440154440154,0.6913269980889551,0.9787234042553191,0.7667095342810021,0.998062015503876,0.8607142857142857,0.8546218487394958,0.35864485981308414,0.9928571428571428,Expand Energy Corporation,Energy,Oil & Gas E&P,20949270528,86.9800033569336,23.0,803.0,2026-06-18,none,23,0.03333333333333333,unconstrained_top_30
2026-06-22T160715Z,2026-06-22T16:07:15.765832+00:00,2026-06-22T17:23:48.252300+00:00,2026-06-18,data/prospective/daily_qvp/snapshots/2026-06-22T160715Z/raw,1070,1034,bf973ff3ecce3842bc807909b6a11c9ba3d11429,d3881a1328862a39dc4af32e15c4826237a09adca2da7038eafb5659ddb68bb4,3cbd5f76b124b82ce4f26fb66fcb37946580c4a15ad9e837f6f5beb2a7d3fb8d,OGE,0.633411214953271,0.6915887850467289,0.6950662153083129,0.918918918918919,0.6912494166085551,0.9777562862669246,0.6261956831460714,0.9253875968992248,0.7567212156633548,0.6836158192090395,0.633411214953271,0.43103448275862066,OGE Energy Corp.,Utilities,Utilities - Regulated Electric,9854373888,47.29999923706055,24.0,331.0,2026-06-18,none,24,0.03333333333333333,unconstrained_top_30
2026-06-22T160715Z,2026-06-22T16:07:15.765832+00:00,2026-06-22T17:23:48.252300+00:00,2026-06-18,data/prospective/daily_qvp/snapshots/2026-06-22T160715Z/raw,1070,1034,bf973ff3ecce3842bc807909b6a11c9ba3d11429,d3881a1328862a39dc4af32e15c4826237a09adca2da7038eafb5659ddb68bb4,3cbd5f76b124b82ce4f26fb66fcb37946580c4a15ad9e837f6f5beb2a7d3fb8d,EXEL,0.5855140186915888,0.6060747663551402,0.7591207419137604,0.9768339768339769,0.6907846793133583,0.97678916827853,0.6541392341226999,0.9622093023255814,0.9327274651359321,0.5541125541125541,0.5855140186915888,0.5442028985507246,"Exelixis, Inc.",Healthcare,Biotechnology,12889488384,51.90999984741211,25.0,422.0,2026-06-18,none,25,0.03333333333333333,unconstrained_top_30
2026-06-22T160715Z,2026-06-22T16:07:15.765832+00:00,2026-06-22T17:23:48.252300+00:00,2026-06-18,data/prospective/daily_qvp/snapshots/2026-06-22T160715Z/raw,1070,1034,bf973ff3ecce3842bc807909b6a11c9ba3d11429,d3881a1328862a39dc4af32e15c4826237a09adca2da7038eafb5659ddb68bb4,3cbd5f76b124b82ce4f26fb66fcb37946580c4a15ad9e837f6f5beb2a7d3fb8d,AVA,0.6042056074766355,0.6383177570093458,0.640172645935863,0.833011583011583,0.6894936283640217,0.9758220502901354,0.6464305661006025,0.9505813953488372,0.6761396843950905,0.7881355932203391,0.6042056074766355,0.5172413793103449,Avista Corporation,Utilities,Utilities - Diversified,3294794240,39.7599983215332,26.0,388.0,2026-06-18,none,26,0.03333333333333333,unconstrained_top_30
2026-06-22T160715Z,2026-06-22T16:07:15.765832+00:00,2026-06-22T17:23:48.252300+00:00,2026-06-18,data/prospective/daily_qvp/snapshots/2026-06-22T160715Z/raw,1070,1034,bf973ff3ecce3842bc807909b6a11c9ba3d11429,d3881a1328862a39dc4af32e15c4826237a09adca2da7038eafb5659ddb68bb4,3cbd5f76b124b82ce4f26fb66fcb37946580c4a15ad9e837f6f5beb2a7d3fb8d,BIIB,0.6614485981308411,0.7383177570093458,0.6328752588036228,0.8194980694980695,0.6888721061576822,0.9748549323017408,0.6013964306649605,0.874031007751938,0.6043019194764045,0.8008658008658008,0.6614485981308411,0.33896940418679544,Biogen Inc.,Healthcare,Drug Manufacturers - General,29131018240,196.5800018310547,27.0,281.0,2026-06-18,none,27,0.03333333333333333,unconstrained_top_30
2026-06-22T160715Z,2026-06-22T16:07:15.765832+00:00,2026-06-22T17:23:48.252300+00:00,2026-06-18,data/prospective/daily_qvp/snapshots/2026-06-22T160715Z/raw,1070,1034,bf973ff3ecce3842bc807909b6a11c9ba3d11429,d3881a1328862a39dc4af32e15c4826237a09adca2da7038eafb5659ddb68bb4,3cbd5f76b124b82ce4f26fb66fcb37946580c4a15ad9e837f6f5beb2a7d3fb8d,BRC,0.5563084112149532,0.5570093457943925,0.6956735640145563,0.9208494208494209,0.6864962403164888,0.9738878143133463,0.6304277357929222,0.9302325581395349,0.8350387168141593,0.668141592920354,0.5563084112149532,0.4622222222222222,Brady Corporation,Industrials,Security & Protection Services,4041099776,85.30999755859375,28.0,475.0,2026-06-18,none,28,0.03333333333333333,unconstrained_top_30
2026-06-22T160715Z,2026-06-22T16:07:15.765832+00:00,2026-06-22T17:23:48.252300+00:00,2026-06-18,data/prospective/daily_qvp/snapshots/2026-06-22T160715Z/raw,1070,1034,bf973ff3ecce3842bc807909b6a11c9ba3d11429,d3881a1328862a39dc4af32e15c4826237a09adca2da7038eafb5659ddb68bb4,3cbd5f76b124b82ce4f26fb66fcb37946580c4a15ad9e837f6f5beb2a7d3fb8d,NOV,0.6539719626168224,0.7271028037383177,0.5984145527369826,0.749034749034749,0.6858244543923488,0.9729206963249516,0.610796912222833,0.9001937984496124,0.5428571428571428,0.8606442577030813,0.6539719626168224,0.3857142857142857,NOV Inc.,Energy,Oil & Gas Equipment & Services,6664559104,18.65999984741211,29.0,293.0,2026-06-18,none,29,0.03333333333333333,unconstrained_top_30
2026-06-22T160715Z,2026-06-22T16:07:15.765832+00:00,2026-06-22T17:23:48.252300+00:00,2026-06-18,data/prospective/daily_qvp/snapshots/2026-06-22T160715Z/raw,1070,1034,bf973ff3ecce3842bc807909b6a11c9ba3d11429,d3881a1328862a39dc4af32e15c4826237a09adca2da7038eafb5659ddb68bb4,3cbd5f76b124b82ce4f26fb66fcb37946580c4a15ad9e837f6f5beb2a7d3fb8d,M,0.5418224299065421,0.5308411214953271,0.5527321356646799,0.63996138996139,0.6847274066824363,0.971953578336557,0.5958808843531446,0.8585271317829457,0.5636418414228179,0.9487179487179488,0.5418224299065421,0.32934131736526945,"Macy's, Inc.",Consumer Cyclical,Department Stores,6587785728,24.13999938964844,30.0,503.0,2026-06-18,none,30,0.03333333333333333,unconstrained_top_30
