run_id,retrieval_started_at_utc,retrieval_completed_at_utc,score_session,source_snapshot,eligible_count,scored_count,code_commit,configuration_sha256,output_manifest_sha256,contribution_amount,ticker,portfolio_rank,latest_close,current_value,target_value_after_contribution,underweight,allocation,illustrative_fractional_shares,method,residual_cash
2026-06-24T080500Z,2026-06-24T08:05:00.833985+00:00,2026-06-24T08:56:01.277223+00:00,2026-06-23,data/prospective/daily_qvp/snapshots/2026-06-24T080500Z/raw,1070,1034,33ff41b93a92e74b56415b879829d3f69fa59acb,d3881a1328862a39dc4af32e15c4826237a09adca2da7038eafb5659ddb68bb4,80cd62661f1ec4a4bd867430747f99e1dd0a12810f4e682ce2b18eaee15f67ef,250.0,NTCT,1,40.63999938964844,0.0,8.333333333333334,8.333333333333334,83.33333333333334,2.0505249651789974,up_to_three_largest_underweights,0.0
2026-06-24T080500Z,2026-06-24T08:05:00.833985+00:00,2026-06-24T08:56:01.277223+00:00,2026-06-23,data/prospective/daily_qvp/snapshots/2026-06-24T080500Z/raw,1070,1034,33ff41b93a92e74b56415b879829d3f69fa59acb,d3881a1328862a39dc4af32e15c4826237a09adca2da7038eafb5659ddb68bb4,80cd62661f1ec4a4bd867430747f99e1dd0a12810f4e682ce2b18eaee15f67ef,250.0,CRUS,2,157.77999877929688,0.0,8.333333333333334,8.333333333333334,83.33333333333334,0.5281615792753317,up_to_three_largest_underweights,0.0
2026-06-24T080500Z,2026-06-24T08:05:00.833985+00:00,2026-06-24T08:56:01.277223+00:00,2026-06-23,data/prospective/daily_qvp/snapshots/2026-06-24T080500Z/raw,1070,1034,33ff41b93a92e74b56415b879829d3f69fa59acb,d3881a1328862a39dc4af32e15c4826237a09adca2da7038eafb5659ddb68bb4,80cd62661f1ec4a4bd867430747f99e1dd0a12810f4e682ce2b18eaee15f67ef,250.0,VISN,3,12.5,0.0,8.333333333333334,8.333333333333334,83.33333333333334,6.666666666666668,up_to_three_largest_underweights,0.0
2026-06-24T080500Z,2026-06-24T08:05:00.833985+00:00,2026-06-24T08:56:01.277223+00:00,2026-06-23,data/prospective/daily_qvp/snapshots/2026-06-24T080500Z/raw,1070,1034,33ff41b93a92e74b56415b879829d3f69fa59acb,d3881a1328862a39dc4af32e15c4826237a09adca2da7038eafb5659ddb68bb4,80cd62661f1ec4a4bd867430747f99e1dd0a12810f4e682ce2b18eaee15f67ef,250.0,NTCT,1,40.63999938964844,0.0,8.333333333333334,8.333333333333334,250.0,6.151574895536992,single_largest_underweight_alternative,0.0
2026-06-24T080500Z,2026-06-24T08:05:00.833985+00:00,2026-06-24T08:56:01.277223+00:00,2026-06-23,data/prospective/daily_qvp/snapshots/2026-06-24T080500Z/raw,1070,1034,33ff41b93a92e74b56415b879829d3f69fa59acb,d3881a1328862a39dc4af32e15c4826237a09adca2da7038eafb5659ddb68bb4,80cd62661f1ec4a4bd867430747f99e1dd0a12810f4e682ce2b18eaee15f67ef,500.0,NTCT,1,40.63999938964844,0.0,16.666666666666668,16.666666666666668,166.66666666666669,4.101049930357995,up_to_three_largest_underweights,0.0
2026-06-24T080500Z,2026-06-24T08:05:00.833985+00:00,2026-06-24T08:56:01.277223+00:00,2026-06-23,data/prospective/daily_qvp/snapshots/2026-06-24T080500Z/raw,1070,1034,33ff41b93a92e74b56415b879829d3f69fa59acb,d3881a1328862a39dc4af32e15c4826237a09adca2da7038eafb5659ddb68bb4,80cd62661f1ec4a4bd867430747f99e1dd0a12810f4e682ce2b18eaee15f67ef,500.0,CRUS,2,157.77999877929688,0.0,16.666666666666668,16.666666666666668,166.66666666666669,1.0563231585506634,up_to_three_largest_underweights,0.0
2026-06-24T080500Z,2026-06-24T08:05:00.833985+00:00,2026-06-24T08:56:01.277223+00:00,2026-06-23,data/prospective/daily_qvp/snapshots/2026-06-24T080500Z/raw,1070,1034,33ff41b93a92e74b56415b879829d3f69fa59acb,d3881a1328862a39dc4af32e15c4826237a09adca2da7038eafb5659ddb68bb4,80cd62661f1ec4a4bd867430747f99e1dd0a12810f4e682ce2b18eaee15f67ef,500.0,VISN,3,12.5,0.0,16.666666666666668,16.666666666666668,166.66666666666669,13.333333333333336,up_to_three_largest_underweights,0.0
2026-06-24T080500Z,2026-06-24T08:05:00.833985+00:00,2026-06-24T08:56:01.277223+00:00,2026-06-23,data/prospective/daily_qvp/snapshots/2026-06-24T080500Z/raw,1070,1034,33ff41b93a92e74b56415b879829d3f69fa59acb,d3881a1328862a39dc4af32e15c4826237a09adca2da7038eafb5659ddb68bb4,80cd62661f1ec4a4bd867430747f99e1dd0a12810f4e682ce2b18eaee15f67ef,500.0,NTCT,1,40.63999938964844,0.0,16.666666666666668,16.666666666666668,500.0,12.303149791073984,single_largest_underweight_alternative,0.0
2026-06-24T080500Z,2026-06-24T08:05:00.833985+00:00,2026-06-24T08:56:01.277223+00:00,2026-06-23,data/prospective/daily_qvp/snapshots/2026-06-24T080500Z/raw,1070,1034,33ff41b93a92e74b56415b879829d3f69fa59acb,d3881a1328862a39dc4af32e15c4826237a09adca2da7038eafb5659ddb68bb4,80cd62661f1ec4a4bd867430747f99e1dd0a12810f4e682ce2b18eaee15f67ef,1000.0,NTCT,1,40.63999938964844,0.0,33.333333333333336,33.333333333333336,333.33333333333337,8.20209986071599,up_to_three_largest_underweights,0.0
2026-06-24T080500Z,2026-06-24T08:05:00.833985+00:00,2026-06-24T08:56:01.277223+00:00,2026-06-23,data/prospective/daily_qvp/snapshots/2026-06-24T080500Z/raw,1070,1034,33ff41b93a92e74b56415b879829d3f69fa59acb,d3881a1328862a39dc4af32e15c4826237a09adca2da7038eafb5659ddb68bb4,80cd62661f1ec4a4bd867430747f99e1dd0a12810f4e682ce2b18eaee15f67ef,1000.0,CRUS,2,157.77999877929688,0.0,33.333333333333336,33.333333333333336,333.33333333333337,2.1126463171013268,up_to_three_largest_underweights,0.0
2026-06-24T080500Z,2026-06-24T08:05:00.833985+00:00,2026-06-24T08:56:01.277223+00:00,2026-06-23,data/prospective/daily_qvp/snapshots/2026-06-24T080500Z/raw,1070,1034,33ff41b93a92e74b56415b879829d3f69fa59acb,d3881a1328862a39dc4af32e15c4826237a09adca2da7038eafb5659ddb68bb4,80cd62661f1ec4a4bd867430747f99e1dd0a12810f4e682ce2b18eaee15f67ef,1000.0,VISN,3,12.5,0.0,33.333333333333336,33.333333333333336,333.33333333333337,26.66666666666667,up_to_three_largest_underweights,0.0
2026-06-24T080500Z,2026-06-24T08:05:00.833985+00:00,2026-06-24T08:56:01.277223+00:00,2026-06-23,data/prospective/daily_qvp/snapshots/2026-06-24T080500Z/raw,1070,1034,33ff41b93a92e74b56415b879829d3f69fa59acb,d3881a1328862a39dc4af32e15c4826237a09adca2da7038eafb5659ddb68bb4,80cd62661f1ec4a4bd867430747f99e1dd0a12810f4e682ce2b18eaee15f67ef,1000.0,NTCT,1,40.63999938964844,0.0,33.333333333333336,33.333333333333336,1000.0,24.60629958214797,single_largest_underweight_alternative,0.0
2026-06-24T080500Z,2026-06-24T08:05:00.833985+00:00,2026-06-24T08:56:01.277223+00:00,2026-06-23,data/prospective/daily_qvp/snapshots/2026-06-24T080500Z/raw,1070,1034,33ff41b93a92e74b56415b879829d3f69fa59acb,d3881a1328862a39dc4af32e15c4826237a09adca2da7038eafb5659ddb68bb4,80cd62661f1ec4a4bd867430747f99e1dd0a12810f4e682ce2b18eaee15f67ef,5000.0,NTCT,1,40.63999938964844,0.0,166.66666666666666,166.66666666666666,1666.6666666666665,41.01049930357994,up_to_three_largest_underweights,0.0
2026-06-24T080500Z,2026-06-24T08:05:00.833985+00:00,2026-06-24T08:56:01.277223+00:00,2026-06-23,data/prospective/daily_qvp/snapshots/2026-06-24T080500Z/raw,1070,1034,33ff41b93a92e74b56415b879829d3f69fa59acb,d3881a1328862a39dc4af32e15c4826237a09adca2da7038eafb5659ddb68bb4,80cd62661f1ec4a4bd867430747f99e1dd0a12810f4e682ce2b18eaee15f67ef,5000.0,CRUS,2,157.77999877929688,0.0,166.66666666666666,166.66666666666666,1666.6666666666665,10.563231585506632,up_to_three_largest_underweights,0.0
2026-06-24T080500Z,2026-06-24T08:05:00.833985+00:00,2026-06-24T08:56:01.277223+00:00,2026-06-23,data/prospective/daily_qvp/snapshots/2026-06-24T080500Z/raw,1070,1034,33ff41b93a92e74b56415b879829d3f69fa59acb,d3881a1328862a39dc4af32e15c4826237a09adca2da7038eafb5659ddb68bb4,80cd62661f1ec4a4bd867430747f99e1dd0a12810f4e682ce2b18eaee15f67ef,5000.0,VISN,3,12.5,0.0,166.66666666666666,166.66666666666666,1666.6666666666665,133.33333333333331,up_to_three_largest_underweights,0.0
2026-06-24T080500Z,2026-06-24T08:05:00.833985+00:00,2026-06-24T08:56:01.277223+00:00,2026-06-23,data/prospective/daily_qvp/snapshots/2026-06-24T080500Z/raw,1070,1034,33ff41b93a92e74b56415b879829d3f69fa59acb,d3881a1328862a39dc4af32e15c4826237a09adca2da7038eafb5659ddb68bb4,80cd62661f1ec4a4bd867430747f99e1dd0a12810f4e682ce2b18eaee15f67ef,5000.0,NTCT,1,40.63999938964844,0.0,166.66666666666666,166.66666666666666,5000.0,123.03149791073984,single_largest_underweight_alternative,0.0
