run_id,retrieval_started_at_utc,retrieval_completed_at_utc,score_session,source_snapshot,eligible_count,scored_count,code_commit,configuration_sha256,output_manifest_sha256,dimension,label,names,target_weight
2026-06-24T080500Z,2026-06-24T08:05:00.833985+00:00,2026-06-24T08:56:01.277223+00:00,2026-06-23,data/prospective/daily_qvp/snapshots/2026-06-24T080500Z/raw,1070,1034,33ff41b93a92e74b56415b879829d3f69fa59acb,d3881a1328862a39dc4af32e15c4826237a09adca2da7038eafb5659ddb68bb4,80cd62661f1ec4a4bd867430747f99e1dd0a12810f4e682ce2b18eaee15f67ef,sector,Consumer Cyclical,1,0.03333333333333333
2026-06-24T080500Z,2026-06-24T08:05:00.833985+00:00,2026-06-24T08:56:01.277223+00:00,2026-06-23,data/prospective/daily_qvp/snapshots/2026-06-24T080500Z/raw,1070,1034,33ff41b93a92e74b56415b879829d3f69fa59acb,d3881a1328862a39dc4af32e15c4826237a09adca2da7038eafb5659ddb68bb4,80cd62661f1ec4a4bd867430747f99e1dd0a12810f4e682ce2b18eaee15f67ef,sector,Consumer Defensive,2,0.06666666666666667
2026-06-24T080500Z,2026-06-24T08:05:00.833985+00:00,2026-06-24T08:56:01.277223+00:00,2026-06-23,data/prospective/daily_qvp/snapshots/2026-06-24T080500Z/raw,1070,1034,33ff41b93a92e74b56415b879829d3f69fa59acb,d3881a1328862a39dc4af32e15c4826237a09adca2da7038eafb5659ddb68bb4,80cd62661f1ec4a4bd867430747f99e1dd0a12810f4e682ce2b18eaee15f67ef,sector,Energy,5,0.16666666666666666
2026-06-24T080500Z,2026-06-24T08:05:00.833985+00:00,2026-06-24T08:56:01.277223+00:00,2026-06-23,data/prospective/daily_qvp/snapshots/2026-06-24T080500Z/raw,1070,1034,33ff41b93a92e74b56415b879829d3f69fa59acb,d3881a1328862a39dc4af32e15c4826237a09adca2da7038eafb5659ddb68bb4,80cd62661f1ec4a4bd867430747f99e1dd0a12810f4e682ce2b18eaee15f67ef,sector,Healthcare,3,0.1
2026-06-24T080500Z,2026-06-24T08:05:00.833985+00:00,2026-06-24T08:56:01.277223+00:00,2026-06-23,data/prospective/daily_qvp/snapshots/2026-06-24T080500Z/raw,1070,1034,33ff41b93a92e74b56415b879829d3f69fa59acb,d3881a1328862a39dc4af32e15c4826237a09adca2da7038eafb5659ddb68bb4,80cd62661f1ec4a4bd867430747f99e1dd0a12810f4e682ce2b18eaee15f67ef,sector,Industrials,7,0.2333333333333333
2026-06-24T080500Z,2026-06-24T08:05:00.833985+00:00,2026-06-24T08:56:01.277223+00:00,2026-06-23,data/prospective/daily_qvp/snapshots/2026-06-24T080500Z/raw,1070,1034,33ff41b93a92e74b56415b879829d3f69fa59acb,d3881a1328862a39dc4af32e15c4826237a09adca2da7038eafb5659ddb68bb4,80cd62661f1ec4a4bd867430747f99e1dd0a12810f4e682ce2b18eaee15f67ef,sector,Technology,6,0.19999999999999998
2026-06-24T080500Z,2026-06-24T08:05:00.833985+00:00,2026-06-24T08:56:01.277223+00:00,2026-06-23,data/prospective/daily_qvp/snapshots/2026-06-24T080500Z/raw,1070,1034,33ff41b93a92e74b56415b879829d3f69fa59acb,d3881a1328862a39dc4af32e15c4826237a09adca2da7038eafb5659ddb68bb4,80cd62661f1ec4a4bd867430747f99e1dd0a12810f4e682ce2b18eaee15f67ef,sector,Utilities,6,0.19999999999999998
2026-06-24T080500Z,2026-06-24T08:05:00.833985+00:00,2026-06-24T08:56:01.277223+00:00,2026-06-23,data/prospective/daily_qvp/snapshots/2026-06-24T080500Z/raw,1070,1034,33ff41b93a92e74b56415b879829d3f69fa59acb,d3881a1328862a39dc4af32e15c4826237a09adca2da7038eafb5659ddb68bb4,80cd62661f1ec4a4bd867430747f99e1dd0a12810f4e682ce2b18eaee15f67ef,industry,Biotechnology,2,0.06666666666666667
2026-06-24T080500Z,2026-06-24T08:05:00.833985+00:00,2026-06-24T08:56:01.277223+00:00,2026-06-23,data/prospective/daily_qvp/snapshots/2026-06-24T080500Z/raw,1070,1034,33ff41b93a92e74b56415b879829d3f69fa59acb,d3881a1328862a39dc4af32e15c4826237a09adca2da7038eafb5659ddb68bb4,80cd62661f1ec4a4bd867430747f99e1dd0a12810f4e682ce2b18eaee15f67ef,industry,Communication Equipment,1,0.03333333333333333
2026-06-24T080500Z,2026-06-24T08:05:00.833985+00:00,2026-06-24T08:56:01.277223+00:00,2026-06-23,data/prospective/daily_qvp/snapshots/2026-06-24T080500Z/raw,1070,1034,33ff41b93a92e74b56415b879829d3f69fa59acb,d3881a1328862a39dc4af32e15c4826237a09adca2da7038eafb5659ddb68bb4,80cd62661f1ec4a4bd867430747f99e1dd0a12810f4e682ce2b18eaee15f67ef,industry,Department Stores,1,0.03333333333333333
2026-06-24T080500Z,2026-06-24T08:05:00.833985+00:00,2026-06-24T08:56:01.277223+00:00,2026-06-23,data/prospective/daily_qvp/snapshots/2026-06-24T080500Z/raw,1070,1034,33ff41b93a92e74b56415b879829d3f69fa59acb,d3881a1328862a39dc4af32e15c4826237a09adca2da7038eafb5659ddb68bb4,80cd62661f1ec4a4bd867430747f99e1dd0a12810f4e682ce2b18eaee15f67ef,industry,Drug Manufacturers - General,1,0.03333333333333333
2026-06-24T080500Z,2026-06-24T08:05:00.833985+00:00,2026-06-24T08:56:01.277223+00:00,2026-06-23,data/prospective/daily_qvp/snapshots/2026-06-24T080500Z/raw,1070,1034,33ff41b93a92e74b56415b879829d3f69fa59acb,d3881a1328862a39dc4af32e15c4826237a09adca2da7038eafb5659ddb68bb4,80cd62661f1ec4a4bd867430747f99e1dd0a12810f4e682ce2b18eaee15f67ef,industry,Education & Training Services,1,0.03333333333333333
2026-06-24T080500Z,2026-06-24T08:05:00.833985+00:00,2026-06-24T08:56:01.277223+00:00,2026-06-23,data/prospective/daily_qvp/snapshots/2026-06-24T080500Z/raw,1070,1034,33ff41b93a92e74b56415b879829d3f69fa59acb,d3881a1328862a39dc4af32e15c4826237a09adca2da7038eafb5659ddb68bb4,80cd62661f1ec4a4bd867430747f99e1dd0a12810f4e682ce2b18eaee15f67ef,industry,Electrical Equipment & Parts,1,0.03333333333333333
2026-06-24T080500Z,2026-06-24T08:05:00.833985+00:00,2026-06-24T08:56:01.277223+00:00,2026-06-23,data/prospective/daily_qvp/snapshots/2026-06-24T080500Z/raw,1070,1034,33ff41b93a92e74b56415b879829d3f69fa59acb,d3881a1328862a39dc4af32e15c4826237a09adca2da7038eafb5659ddb68bb4,80cd62661f1ec4a4bd867430747f99e1dd0a12810f4e682ce2b18eaee15f67ef,industry,Farm Products,1,0.03333333333333333
2026-06-24T080500Z,2026-06-24T08:05:00.833985+00:00,2026-06-24T08:56:01.277223+00:00,2026-06-23,data/prospective/daily_qvp/snapshots/2026-06-24T080500Z/raw,1070,1034,33ff41b93a92e74b56415b879829d3f69fa59acb,d3881a1328862a39dc4af32e15c4826237a09adca2da7038eafb5659ddb68bb4,80cd62661f1ec4a4bd867430747f99e1dd0a12810f4e682ce2b18eaee15f67ef,industry,Metal Fabrication,1,0.03333333333333333
2026-06-24T080500Z,2026-06-24T08:05:00.833985+00:00,2026-06-24T08:56:01.277223+00:00,2026-06-23,data/prospective/daily_qvp/snapshots/2026-06-24T080500Z/raw,1070,1034,33ff41b93a92e74b56415b879829d3f69fa59acb,d3881a1328862a39dc4af32e15c4826237a09adca2da7038eafb5659ddb68bb4,80cd62661f1ec4a4bd867430747f99e1dd0a12810f4e682ce2b18eaee15f67ef,industry,Oil & Gas E&P,2,0.06666666666666667
2026-06-24T080500Z,2026-06-24T08:05:00.833985+00:00,2026-06-24T08:56:01.277223+00:00,2026-06-23,data/prospective/daily_qvp/snapshots/2026-06-24T080500Z/raw,1070,1034,33ff41b93a92e74b56415b879829d3f69fa59acb,d3881a1328862a39dc4af32e15c4826237a09adca2da7038eafb5659ddb68bb4,80cd62661f1ec4a4bd867430747f99e1dd0a12810f4e682ce2b18eaee15f67ef,industry,Oil & Gas Equipment & Services,1,0.03333333333333333
2026-06-24T080500Z,2026-06-24T08:05:00.833985+00:00,2026-06-24T08:56:01.277223+00:00,2026-06-23,data/prospective/daily_qvp/snapshots/2026-06-24T080500Z/raw,1070,1034,33ff41b93a92e74b56415b879829d3f69fa59acb,d3881a1328862a39dc4af32e15c4826237a09adca2da7038eafb5659ddb68bb4,80cd62661f1ec4a4bd867430747f99e1dd0a12810f4e682ce2b18eaee15f67ef,industry,Oil & Gas Refining & Marketing,2,0.06666666666666667
2026-06-24T080500Z,2026-06-24T08:05:00.833985+00:00,2026-06-24T08:56:01.277223+00:00,2026-06-23,data/prospective/daily_qvp/snapshots/2026-06-24T080500Z/raw,1070,1034,33ff41b93a92e74b56415b879829d3f69fa59acb,d3881a1328862a39dc4af32e15c4826237a09adca2da7038eafb5659ddb68bb4,80cd62661f1ec4a4bd867430747f99e1dd0a12810f4e682ce2b18eaee15f67ef,industry,Security & Protection Services,1,0.03333333333333333
2026-06-24T080500Z,2026-06-24T08:05:00.833985+00:00,2026-06-24T08:56:01.277223+00:00,2026-06-23,data/prospective/daily_qvp/snapshots/2026-06-24T080500Z/raw,1070,1034,33ff41b93a92e74b56415b879829d3f69fa59acb,d3881a1328862a39dc4af32e15c4826237a09adca2da7038eafb5659ddb68bb4,80cd62661f1ec4a4bd867430747f99e1dd0a12810f4e682ce2b18eaee15f67ef,industry,Semiconductors,1,0.03333333333333333
2026-06-24T080500Z,2026-06-24T08:05:00.833985+00:00,2026-06-24T08:56:01.277223+00:00,2026-06-23,data/prospective/daily_qvp/snapshots/2026-06-24T080500Z/raw,1070,1034,33ff41b93a92e74b56415b879829d3f69fa59acb,d3881a1328862a39dc4af32e15c4826237a09adca2da7038eafb5659ddb68bb4,80cd62661f1ec4a4bd867430747f99e1dd0a12810f4e682ce2b18eaee15f67ef,industry,Software - Application,1,0.03333333333333333
2026-06-24T080500Z,2026-06-24T08:05:00.833985+00:00,2026-06-24T08:56:01.277223+00:00,2026-06-23,data/prospective/daily_qvp/snapshots/2026-06-24T080500Z/raw,1070,1034,33ff41b93a92e74b56415b879829d3f69fa59acb,d3881a1328862a39dc4af32e15c4826237a09adca2da7038eafb5659ddb68bb4,80cd62661f1ec4a4bd867430747f99e1dd0a12810f4e682ce2b18eaee15f67ef,industry,Software - Infrastructure,3,0.1
2026-06-24T080500Z,2026-06-24T08:05:00.833985+00:00,2026-06-24T08:56:01.277223+00:00,2026-06-23,data/prospective/daily_qvp/snapshots/2026-06-24T080500Z/raw,1070,1034,33ff41b93a92e74b56415b879829d3f69fa59acb,d3881a1328862a39dc4af32e15c4826237a09adca2da7038eafb5659ddb68bb4,80cd62661f1ec4a4bd867430747f99e1dd0a12810f4e682ce2b18eaee15f67ef,industry,Specialty Business Services,1,0.03333333333333333
2026-06-24T080500Z,2026-06-24T08:05:00.833985+00:00,2026-06-24T08:56:01.277223+00:00,2026-06-23,data/prospective/daily_qvp/snapshots/2026-06-24T080500Z/raw,1070,1034,33ff41b93a92e74b56415b879829d3f69fa59acb,d3881a1328862a39dc4af32e15c4826237a09adca2da7038eafb5659ddb68bb4,80cd62661f1ec4a4bd867430747f99e1dd0a12810f4e682ce2b18eaee15f67ef,industry,Staffing & Employment Services,1,0.03333333333333333
2026-06-24T080500Z,2026-06-24T08:05:00.833985+00:00,2026-06-24T08:56:01.277223+00:00,2026-06-23,data/prospective/daily_qvp/snapshots/2026-06-24T080500Z/raw,1070,1034,33ff41b93a92e74b56415b879829d3f69fa59acb,d3881a1328862a39dc4af32e15c4826237a09adca2da7038eafb5659ddb68bb4,80cd62661f1ec4a4bd867430747f99e1dd0a12810f4e682ce2b18eaee15f67ef,industry,Tools & Accessories,2,0.06666666666666667
2026-06-24T080500Z,2026-06-24T08:05:00.833985+00:00,2026-06-24T08:56:01.277223+00:00,2026-06-23,data/prospective/daily_qvp/snapshots/2026-06-24T080500Z/raw,1070,1034,33ff41b93a92e74b56415b879829d3f69fa59acb,d3881a1328862a39dc4af32e15c4826237a09adca2da7038eafb5659ddb68bb4,80cd62661f1ec4a4bd867430747f99e1dd0a12810f4e682ce2b18eaee15f67ef,industry,Utilities - Diversified,1,0.03333333333333333
2026-06-24T080500Z,2026-06-24T08:05:00.833985+00:00,2026-06-24T08:56:01.277223+00:00,2026-06-23,data/prospective/daily_qvp/snapshots/2026-06-24T080500Z/raw,1070,1034,33ff41b93a92e74b56415b879829d3f69fa59acb,d3881a1328862a39dc4af32e15c4826237a09adca2da7038eafb5659ddb68bb4,80cd62661f1ec4a4bd867430747f99e1dd0a12810f4e682ce2b18eaee15f67ef,industry,Utilities - Regulated Electric,4,0.13333333333333333
2026-06-24T080500Z,2026-06-24T08:05:00.833985+00:00,2026-06-24T08:56:01.277223+00:00,2026-06-23,data/prospective/daily_qvp/snapshots/2026-06-24T080500Z/raw,1070,1034,33ff41b93a92e74b56415b879829d3f69fa59acb,d3881a1328862a39dc4af32e15c4826237a09adca2da7038eafb5659ddb68bb4,80cd62661f1ec4a4bd867430747f99e1dd0a12810f4e682ce2b18eaee15f67ef,industry,Utilities - Regulated Gas,1,0.03333333333333333
