ticker,selected,vetoed,B2_score,Q_percentile,Q_components_ok,target_pct,sector,industry
AEO,True,False,0.9284377923292796,0.6589685043583605,4,3.3333333333333335,Consumer Cyclical,Apparel Retail
APP,True,False,0.9405986903648268,0.9355714709772054,4,3.3333333333333335,Communication Services,Advertising Agencies
ARQT,True,False,0.9677268475210477,0.3647111722759166,4,3.3333333333333335,Healthcare,Biotechnology
ARWR,True,False,0.9878391019644528,0.3834990370675161,4,3.3333333333333335,Healthcare,Biotechnology
ATRO,True,False,0.9443405051449952,0.410638981547116,4,3.3333333333333335,Industrials,Aerospace & Defense
AU,True,False,0.9616463985032742,0.491291097775143,4,3.3333333333333335,Basic Materials,Gold
BBIO,True,False,0.9539289055191768,0.3872926074798364,4,3.3333333333333335,Healthcare,Biotechnology
BE,True,False,0.9756782039289056,0.4000235865259409,4,3.3333333333333335,Industrials,Electrical Equipment & Parts
BW,True,False,0.9878391019644528,0.3630769137672647,4,3.3333333333333335,Industrials,Specialty Industrial Machinery
CDE,True,False,0.95977549111319,0.2929143683813543,4,3.3333333333333335,Basic Materials,Gold
CECO,True,False,0.941066417212348,0.3961852863713906,4,3.3333333333333335,Industrials,Pollution & Treatment Controls
CENX,True,False,0.9333489242282508,0.3839881259585262,4,3.3333333333333335,Basic Materials,Aluminum
CIEN,True,False,0.9805893358278766,0.4859183145178328,4,3.3333333333333335,Technology,Communication Equipment
FIX,True,False,0.9368568755846586,0.551881027978879,4,3.3333333333333335,Industrials,Engineering & Construction
GH,True,False,0.9756782039289056,0.428200417892756,4,3.3333333333333335,Healthcare,Diagnostics & Research
INDV,True,False,0.9833956969130028,0.4602629179112635,4,3.3333333333333335,Healthcare,Drug Manufacturers - Specialty & Generic
IONS,True,False,0.9583723105706268,0.3521739654929633,4,3.3333333333333335,Healthcare,Biotechnology
KSS,True,False,0.9555659494855004,0.5411951176989369,4,3.3333333333333335,Consumer Cyclical,Department Stores
LITE,True,False,0.9878391019644528,0.3594075167863051,4,3.3333333333333335,Technology,Communication Equipment
MU,True,False,0.9782507015902712,0.4375577298332629,4,3.3333333333333335,Technology,Semiconductors
NEM,True,False,0.9317118802619272,0.4526447506488443,4,3.3333333333333335,Basic Materials,Gold
PACS,True,False,0.9824602432179608,0.3785526698894447,4,3.3333333333333335,Healthcare,Medical Care Facilities
PRM,True,False,0.951824134705332,0.4581469800499411,4,3.3333333333333335,Basic Materials,Specialty Chemicals
SATS,True,False,0.9878391019644528,0.3031692070516728,4,3.3333333333333335,Communication Services,Telecom Services
VICR,True,False,0.9649204864359214,0.3433226088038481,4,3.3333333333333335,Technology,Electronic Components
VISN,True,False,0.9761459307764266,0.5062210196321384,4,3.3333333333333335,Technology,Communication Equipment
VSAT,True,False,0.9698316183348924,0.3099144231886704,4,3.3333333333333335,Technology,Communication Equipment
W,True,False,0.956267539756782,0.563216518637693,4,3.3333333333333335,Consumer Cyclical,Internet Retail
WBD,True,False,0.9761459307764266,0.4189496960323265,4,3.3333333333333335,Communication Services,Entertainment
WDC,True,False,0.9878391019644528,0.6779251436491006,4,3.3333333333333335,Technology,Computer Hardware
