start_date,end_date,observations,total_return,twr,annualized_return,xirr,xirr_note,annualized_volatility,maximum_drawdown,maximum_drawdown_duration_sessions,sharpe_zero_rf,annualized_downside_deviation,annualized_gross_turnover,average_positions,average_cash_exposure,average_weight_hhi,average_top5_weight,top5_period_positive_contribution_share,SPY_total_return,SPY_annualized_return,active_annualized_return_vs_SPY,drawdown_difference_vs_SPY,rolling_12m_win_rate_vs_SPY,rolling_24m_win_rate_vs_SPY,rolling_36m_win_rate_vs_SPY,QQQ_total_return,QQQ_annualized_return,active_annualized_return_vs_QQQ,drawdown_difference_vs_QQQ,rolling_12m_win_rate_vs_QQQ,rolling_24m_win_rate_vs_QQQ,rolling_36m_win_rate_vs_QQQ,top5_stock_positive_contribution_share,top5_stock_contributors,configuration_id,candidate,spec,test_year,min_holding,exit_confirm,retention,entry_confirm
2015-01-02,2015-12-31,252,0.032094386525491014,0.032094386525491014,0.032094386525491014,,not_applicable_no_external_contributions,0.23381614424195352,-0.18845919820840884,136,0.2519257364434009,0.17001510627895744,5.523904961898112,30.0,0.0,0.03373848885627275,0.1930982680456476,0.8627021428046525,0.012343014952342468,0.012343014952342468,0.019751371573148546,-0.06935651281940702,1.0,,,0.09435912855605699,0.09435912855605699,-0.06226474203056598,-0.04904875463249436,0.0,,,,,A3_base_N30_monthly_B2_U_EW,A3,base,2015,,,,
2016-01-04,2016-12-30,252,0.29898225805013756,0.29898225805013756,0.29898225805013756,,not_applicable_no_external_contributions,0.19293086070044244,-0.1464325051492531,67,1.4529772854219576,0.13676518352441666,6.815040476380638,30.0,0.0,0.033798914537387495,0.1957018881903411,0.9426938785732156,0.11997857235377318,0.11997857235377318,0.17900368569636438,-0.05455736644479103,1.0,,,0.0709788733025889,0.0709788733025889,0.22800338474754867,-0.026067443800601442,1.0,,,,,A3_base_N30_monthly_B2_U_EW,A3,base,2016,,,,
2017-01-03,2017-12-29,251,0.36296802562640496,0.36296802562640496,0.3646505895220853,,not_applicable_no_external_contributions,0.20040888755206437,-0.07982117387415377,47,1.652525810481931,0.1408755184631212,6.222638274363865,30.0,0.0,0.033932037241178964,0.19818349876908792,0.7557140067583149,0.21705407983552738,0.2180069223101162,0.1466436672119691,-0.05372021241029856,1.0,,,0.3266354282920356,0.32813016684622753,0.036520422675857755,-0.031001744494120187,1.0,,,,,A3_base_N30_monthly_B2_U_EW,A3,base,2017,,,,
2018-01-02,2018-12-31,251,0.05211196185039535,0.05211196185039535,0.05232491885692547,,not_applicable_no_external_contributions,0.2967660444270708,-0.3417410028811927,81,0.32020543473158575,0.21780065591581407,5.610678132054966,30.0,0.0,0.03412875855562433,0.2038838606506257,0.9309582875907675,-0.04568978481733976,-0.04586757596890145,0.09819249482582693,-0.14825198597666278,1.0,,,-0.0012620080631124964,-0.0012670327970690787,0.05359195165399455,-0.1137744403214096,1.0,,,,,A3_base_N30_monthly_B2_U_EW,A3,base,2018,,,,
2019-01-02,2019-12-31,252,0.34348483458758383,0.34348483458758383,0.34348483458758383,,not_applicable_no_external_contributions,0.2024018886064178,-0.13739226332108,85,1.5606957854880517,0.1416047036060782,7.029745373583892,30.0,6.903285613232216e-18,0.033906857449845826,0.19682491224762427,0.7560280547738588,0.3122385699692003,0.3122385699692003,0.031246264618383535,-0.07120882968015108,1.0,,,0.3896154377300354,0.3896154377300354,-0.04613060314245154,-0.027560249531603298,0.0,,,,,A3_base_N30_monthly_B2_U_EW,A3,base,2019,,,,
2020-01-02,2020-12-31,253,0.5361899453633567,0.5361899453633567,0.5335854582054789,,not_applicable_no_external_contributions,0.460441766077644,-0.4550109367456405,96,1.163608398920774,0.3393751248504145,5.871988242357257,30.0,0.0,0.03446886780157399,0.21311169122279633,0.8694810986340341,0.18331636419012742,0.18252936528846808,0.3510560929170108,-0.11783837491136828,1.0,,,0.48406113463867606,0.4817472047614195,0.051838253444059346,-0.16941706483556196,1.0,,,,,A3_base_N30_monthly_B2_U_EW,A3,base,2020,,,,
2015-01-02,2020-12-31,1511,2.9677833254716153,2.9677833254716153,0.258415365595527,,not_applicable_no_external_contributions,0.28070818510655404,-0.45501093674564064,271,0.9610231564948709,0.20431836461818015,6.179143301070085,30.0,1.151309049989754e-18,0.03399592126496318,0.20014141783692,0.3058677200630434,1.0447985223181409,0.12670274540205373,0.1317126201934733,-0.11783837491136828,0.7377049180327869,0.9387755102040817,1.0,2.2025089523564905,0.21423891884463941,0.04417644675088761,-0.16941706483556218,0.5573770491803278,0.7346938775510204,0.8648648648648649,,,A3_base_N30_monthly_B2_U_EW,A3,base,agg,0.0,0.0,2.0,0.0
2015-01-02,2015-12-31,252,0.032094386525491014,0.032094386525491014,0.032094386525491014,,not_applicable_no_external_contributions,0.23381614424195352,-0.18845919820840884,136,0.2519257364434009,0.17001510627895744,5.523904961898112,30.0,0.0,0.03373848885627275,0.1930982680456476,0.8627021428046525,0.012343014952342468,0.012343014952342468,0.019751371573148546,-0.06935651281940702,1.0,,,0.09435912855605699,0.09435912855605699,-0.06226474203056598,-0.04904875463249436,0.0,,,,,A3_min3_N30_monthly_B2_U_EW,A3,min3,2015,,,,
2016-01-04,2016-12-30,252,0.29898225805013756,0.29898225805013756,0.29898225805013756,,not_applicable_no_external_contributions,0.19293086070044244,-0.1464325051492531,67,1.4529772854219576,0.13676518352441666,6.815040476380638,30.0,0.0,0.033798914537387495,0.1957018881903411,0.9426938785732156,0.11997857235377318,0.11997857235377318,0.17900368569636438,-0.05455736644479103,1.0,,,0.0709788733025889,0.0709788733025889,0.22800338474754867,-0.026067443800601442,1.0,,,,,A3_min3_N30_monthly_B2_U_EW,A3,min3,2016,,,,
2017-01-03,2017-12-29,251,0.36296802562640496,0.36296802562640496,0.3646505895220853,,not_applicable_no_external_contributions,0.20040888755206437,-0.07982117387415377,47,1.652525810481931,0.1408755184631212,6.222638274363865,30.0,0.0,0.033932037241178964,0.19818349876908792,0.7557140067583149,0.21705407983552738,0.2180069223101162,0.1466436672119691,-0.05372021241029856,1.0,,,0.3266354282920356,0.32813016684622753,0.036520422675857755,-0.031001744494120187,1.0,,,,,A3_min3_N30_monthly_B2_U_EW,A3,min3,2017,,,,
2018-01-02,2018-12-31,251,0.05211196185039535,0.05211196185039535,0.05232491885692547,,not_applicable_no_external_contributions,0.2967660444270708,-0.3417410028811927,81,0.32020543473158575,0.21780065591581407,5.610678132054966,30.0,0.0,0.03412875855562433,0.2038838606506257,0.9309582875907675,-0.04568978481733976,-0.04586757596890145,0.09819249482582693,-0.14825198597666278,1.0,,,-0.0012620080631124964,-0.0012670327970690787,0.05359195165399455,-0.1137744403214096,1.0,,,,,A3_min3_N30_monthly_B2_U_EW,A3,min3,2018,,,,
2019-01-02,2019-12-31,252,0.34348483458758383,0.34348483458758383,0.34348483458758383,,not_applicable_no_external_contributions,0.2024018886064178,-0.13739226332108,85,1.5606957854880517,0.1416047036060782,7.029745373583892,30.0,6.903285613232216e-18,0.033906857449845826,0.19682491224762427,0.7560280547738588,0.3122385699692003,0.3122385699692003,0.031246264618383535,-0.07120882968015108,1.0,,,0.3896154377300354,0.3896154377300354,-0.04613060314245154,-0.027560249531603298,0.0,,,,,A3_min3_N30_monthly_B2_U_EW,A3,min3,2019,,,,
2020-01-02,2020-12-31,253,0.5361899453633567,0.5361899453633567,0.5335854582054789,,not_applicable_no_external_contributions,0.460441766077644,-0.4550109367456405,96,1.163608398920774,0.3393751248504145,5.871988242357257,30.0,0.0,0.03446886780157399,0.21311169122279633,0.8694810986340341,0.18331636419012742,0.18252936528846808,0.3510560929170108,-0.11783837491136828,1.0,,,0.48406113463867606,0.4817472047614195,0.051838253444059346,-0.16941706483556196,1.0,,,,,A3_min3_N30_monthly_B2_U_EW,A3,min3,2020,,,,
2015-01-02,2020-12-31,1511,2.9677833254716153,2.9677833254716153,0.258415365595527,,not_applicable_no_external_contributions,0.28070818510655404,-0.45501093674564064,271,0.9610231564948709,0.20431836461818015,6.179143301070085,30.0,1.151309049989754e-18,0.03399592126496318,0.20014141783692,0.3058677200630434,1.0447985223181409,0.12670274540205373,0.1317126201934733,-0.11783837491136828,0.7377049180327869,0.9387755102040817,1.0,2.2025089523564905,0.21423891884463941,0.04417644675088761,-0.16941706483556218,0.5573770491803278,0.7346938775510204,0.8648648648648649,,,A3_min3_N30_monthly_B2_U_EW,A3,min3,agg,3.0,0.0,2.0,0.0
2015-01-02,2015-12-31,252,0.045935241551108064,0.045935241551108064,0.045935241551108064,,not_applicable_no_external_contributions,0.22821117276380165,-0.2073605789571653,133,0.31086927234437833,0.16569674391712616,0.681462139582115,30.0,0.0,0.03398356833410165,0.20096465785152665,1.0,0.012343014952342468,0.012343014952342468,0.033592226598765595,-0.08825789356816349,1.0,,,0.09435912855605699,0.09435912855605699,-0.04842388700494893,-0.06795013538125083,0.0,,,,,A3_exit2_N30_monthly_B2_U_EW,A3,exit2,2015,,,,
2016-01-04,2016-12-30,252,0.12030891934619281,0.12030891934619281,0.12030891934619281,,not_applicable_no_external_contributions,0.26393197230029675,-0.24275016683316808,141,0.5625598709950027,0.19303617006366558,0.5659739552278545,30.0,0.0,0.03418691955894529,0.20004432552491724,0.8245923566740984,0.11997857235377318,0.11997857235377318,0.00033034699241962784,-0.150875028128706,1.0,,,0.0709788733025889,0.0709788733025889,0.049330046043603915,-0.12238510548451642,1.0,,,,,A3_exit2_N30_monthly_B2_U_EW,A3,exit2,2016,,,,
2017-01-03,2017-12-29,251,0.46422946656166,0.46422946656166,0.4664556726109159,,not_applicable_no_external_contributions,0.15722330160667103,-0.06526688664429348,47,2.515235223212876,0.10024528460590384,0.6901929040675103,30.0,0.0,0.033921893678581796,0.19851333597329107,0.770797024945815,0.21705407983552738,0.2180069223101162,0.24844875030079971,-0.039165925180438266,1.0,,,0.3266354282920356,0.32813016684622753,0.13832550576468838,-0.01644745726425989,1.0,,,,,A3_exit2_N30_monthly_B2_U_EW,A3,exit2,2017,,,,
2018-01-02,2018-12-31,251,0.15005474416482234,0.15005474416482234,0.15069551475890308,,not_applicable_no_external_contributions,0.24898842088556963,-0.24170929411637665,82,0.6881123253930292,0.1774368363615018,0.6446864726859635,30.0,0.0,0.034083432917445575,0.20339682626227237,0.9306873174732632,-0.04568978481733976,-0.04586757596890145,0.19656309072780453,-0.04822027721184674,1.0,,,-0.0012620080631124964,-0.0012670327970690787,0.15196254755597216,-0.013742731556593557,1.0,,,,,A3_exit2_N30_monthly_B2_U_EW,A3,exit2,2018,,,,
2019-01-02,2019-12-31,252,0.34587747332427976,0.34587747332427976,0.34587747332427976,,not_applicable_no_external_contributions,0.20133906845109262,-0.1325872219928349,149,1.5766277637404955,0.13795171967873707,0.5525439029531517,30.0,0.0,0.034127421354767554,0.20353618925764597,0.9474957601320712,0.3122385699692003,0.3122385699692003,0.033638903355079464,-0.06640378835190597,1.0,,,0.3896154377300354,0.3896154377300354,-0.043737964405755614,-0.02275520820335819,0.0,,,,,A3_exit2_N30_monthly_B2_U_EW,A3,exit2,2019,,,,
2020-01-02,2020-12-31,253,0.41368388182398297,0.41368388182398297,0.41175075448236265,,not_applicable_no_external_contributions,0.3792991902919685,-0.35964759645882216,93,1.101284211229972,0.27497970767637453,0.6980523794090946,30.0,0.0,0.034226934400779986,0.2055514303236861,0.9046804709149312,0.18331636419012742,0.18252936528846808,0.22922138919389456,-0.022475034624549917,1.0,,,0.48406113463867606,0.4817472047614195,-0.06999645027905688,-0.0740537245487436,0.0,,,,,A3_exit2_N30_monthly_B2_U_EW,A3,exit2,2020,,,,
2015-01-02,2020-12-31,1511,2.7542922488915185,2.7542922488915185,0.2468610291178992,,not_applicable_no_external_contributions,0.2557515324338221,-0.36608507776431876,386,0.991701362762759,0.18310476289420038,0.6388199437405224,30.0,0.0,0.034088566849404006,0.20200486174507587,0.284099489606047,1.0447985223181409,0.12670274540205373,0.12015828371584547,-0.0289125159300464,0.7049180327868853,0.9387755102040817,1.0,2.2025089523564905,0.21423891884463941,0.032622110273259786,-0.0804912058542403,0.5409836065573771,0.6326530612244898,0.918918918918919,,,A3_exit2_N30_monthly_B2_U_EW,A3,exit2,agg,0.0,2.0,2.0,0.0
2015-01-02,2015-12-31,252,0.07571486609577072,0.07571486609577072,0.07571486609577072,,not_applicable_no_external_contributions,0.2326476103538245,-0.17541163689496742,112,0.42994130909267647,0.16708651908704744,4.786796233473936,30.0,0.0,0.03379467549099473,0.19507818096327872,0.8215770675162914,0.012343014952342468,0.012343014952342468,0.06337185114342825,-0.0563089515059656,1.0,,,0.09435912855605699,0.09435912855605699,-0.018644262460286276,-0.03600119331905294,0.0,,,,,A3_rank90_N30_monthly_B3_U_EW,A3,rank90,2015,,,,
2016-01-04,2016-12-30,252,0.2890671730111063,0.2890671730111063,0.2890671730111063,,not_applicable_no_external_contributions,0.194838675038737,-0.15853204993965964,70,1.4012994174560869,0.13892149399877254,5.4161084870193985,30.0,0.0,0.033813304395842465,0.1959604454668968,0.9419947787121452,0.11997857235377318,0.11997857235377318,0.1690886006573331,-0.06665691123519757,1.0,,,0.0709788733025889,0.0709788733025889,0.2180882997085174,-0.03816698859100798,1.0,,,,,A3_rank90_N30_monthly_B3_U_EW,A3,rank90,2016,,,,
2017-01-03,2017-12-29,251,0.34309909860731236,0.34309909860731236,0.3446784606333375,,not_applicable_no_external_contributions,0.19797904000022198,-0.08135392765702876,45,1.5958285618654569,0.1398426669813961,5.388913450748086,30.0,0.0,0.033883981451838914,0.1964300436711076,0.757701864517329,0.21705407983552738,0.2180069223101162,0.1266715383232213,-0.05525296619317355,1.0,,,0.3266354282920356,0.32813016684622753,0.01654829378710998,-0.03253449827699517,1.0,,,,,A3_rank90_N30_monthly_B3_U_EW,A3,rank90,2017,,,,
2018-01-02,2018-12-31,251,0.11180949351558556,0.11180949351558556,0.11227907242676727,,not_applicable_no_external_contributions,0.29318186368988525,-0.310591843998712,81,0.5095181199483848,0.21330981130392646,4.501603914365645,30.0,0.0,0.0341289699207798,0.20370113826408953,0.9428398877111334,-0.04568978481733976,-0.04586757596890145,0.15814664839566872,-0.11710282709418207,1.0,,,-0.0012620080631124964,-0.0012670327970690787,0.11354610522383635,-0.08262528143892889,1.0,,,,,A3_rank90_N30_monthly_B3_U_EW,A3,rank90,2018,,,,
2019-01-02,2019-12-31,252,0.2621464749654887,0.2621464749654887,0.2621464749654887,,not_applicable_no_external_contributions,0.20337034707958712,-0.13658973978027977,85,1.246948546429031,0.14610317239214715,6.1819048027186785,30.0,0.0,0.03398680984182778,0.19935780060671593,0.8338245100805037,0.3122385699692003,0.3122385699692003,-0.05009209500371159,-0.07040630613935084,0.0,,,0.3896154377300354,0.3896154377300354,-0.12746896276454667,-0.02675772599080306,0.0,,,,,A3_rank90_N30_monthly_B3_U_EW,A3,rank90,2019,,,,
2020-01-02,2020-12-31,253,0.6555715615867834,0.6555715615867834,0.652275833354858,,not_applicable_no_external_contributions,0.4545610586211151,-0.43906390050077415,84,1.336739982235125,0.3330147882309958,4.902206604585317,30.0,2.2084090154342022e-18,0.034513351381386295,0.21430294946520062,0.8384958736521719,0.18331636419012742,0.18252936528846808,0.46974646806638987,-0.10189133866650191,1.0,,,0.48406113463867606,0.4817472047614195,0.17052862859343842,-0.15347002859069558,1.0,,,,,A3_rank90_N30_monthly_B3_U_EW,A3,rank90,2020,,,,
2015-01-02,2020-12-31,1511,3.3268204292630896,3.3268204292630896,0.2767278032747862,,not_applicable_no_external_contributions,0.27837240042124795,-0.43906390050077415,343,1.018591414090456,0.20201607937365962,5.196393202814731,30.0,3.697733162838208e-19,0.034020526608631106,0.20081500495944865,0.30544505592419313,1.0447985223181409,0.12670274540205373,0.15002505787273246,-0.1018913386665018,0.7049180327868853,1.0,1.0,2.2025089523564905,0.21423891884463941,0.062488884430146774,-0.1534700285906957,0.5737704918032787,0.7551020408163265,0.918918918918919,,,A3_rank90_N30_monthly_B3_U_EW,A3,rank90,agg,0.0,0.0,3.0,0.0
2015-01-02,2015-12-31,252,0.04958172505337233,0.04958172505337233,0.04958172505337233,,not_applicable_no_external_contributions,0.23901597502141472,-0.17869804327242256,112,0.32189567218896387,0.1726499470866387,6.336117446233965,23.761904761904763,0.0,0.04526997872984344,0.27044488467363625,0.8268068815641386,0.012343014952342468,0.012343014952342468,0.03723871010102986,-0.05959535788342074,1.0,,,0.09435912855605699,0.09435912855605699,-0.044777403502684665,-0.03928759969650808,0.0,,,,,A3_entry2_N30_monthly_B2_U_EW,A3,entry2,2015,,,,
2016-01-04,2016-12-30,252,0.1830533844470661,0.1830533844470661,0.1830533844470661,,not_applicable_no_external_contributions,0.20890772569381375,-0.15836575179066792,104,0.9093435464275316,0.15019473635367844,7.867872004082466,21.376984126984127,0.0,0.05056806080725493,0.299552485960024,0.938049713463192,0.11997857235377318,0.11997857235377318,0.06307481209329291,-0.06649061308620585,1.0,,,0.0709788733025889,0.0709788733025889,0.1120745111444772,-0.03800069044201626,1.0,,,,,A3_entry2_N30_monthly_B2_U_EW,A3,entry2,2016,,,,
2017-01-03,2017-12-29,251,0.48182773425793,0.48182773425793,0.4841513378069595,,not_applicable_no_external_contributions,0.2096971739138833,-0.08294398493320854,39,1.9892254463691865,0.14440470781499326,6.536810943441041,23.266932270916335,4.894920696754354e-18,0.04568351278914746,0.27535055866582425,0.6816859392524968,0.21705407983552738,0.2180069223101162,0.2661444154968433,-0.056843023469353327,1.0,,,0.3266354282920356,0.32813016684622753,0.15602117096073198,-0.03412455555317495,1.0,,,,,A3_entry2_N30_monthly_B2_U_EW,A3,entry2,2017,,,,
2018-01-02,2018-12-31,251,0.14527631038629263,0.14527631038629263,0.1458954101958725,,not_applicable_no_external_contributions,0.3074071608063749,-0.3114409906545398,81,0.5967838696001844,0.2231398920335725,6.321868364310725,24.888446215139442,0.0,0.04504584819793555,0.28929672941260476,0.9565636905125479,-0.04568978481733976,-0.04586757596890145,0.19176298616477394,-0.11795197375000988,1.0,,,-0.0012620080631124964,-0.0012670327970690787,0.14716244299294157,-0.08347442809475669,1.0,,,,,A3_entry2_N30_monthly_B2_U_EW,A3,entry2,2018,,,,
2019-01-02,2019-12-31,252,0.32349676587574505,0.32349676587574505,0.32349676587574505,,not_applicable_no_external_contributions,0.21482526120152298,-0.14344633417271002,91,1.4125467644046925,0.14911738800232277,7.517540094461611,22.047619047619047,4.53195388269122e-18,0.04752398532590971,0.28267426650732175,0.8176438775899201,0.3122385699692003,0.3122385699692003,0.011258195906544755,-0.07726290053178109,1.0,,,0.3896154377300354,0.3896154377300354,-0.06611867185429032,-0.03361432038323331,0.0,,,,,A3_entry2_N30_monthly_B2_U_EW,A3,entry2,2019,,,,
2020-01-02,2020-12-31,253,0.49014615827173613,0.49014615827173613,0.4877986777544632,,not_applicable_no_external_contributions,0.47124194165171013,-0.4181461165779664,97,1.0822697760891906,0.3420687423259557,6.945858978636742,22.272727272727273,4.025911655454666e-18,0.05102176961855067,0.31143194282459796,0.8628890953595868,0.18331636419012742,0.18252936528846808,0.3052693124659951,-0.08097355474369416,1.0,,,0.48406113463867606,0.4817472047614195,0.0060514729930436495,-0.13255224466788784,1.0,,,,,A3_entry2_N30_monthly_B2_U_EW,A3,entry2,2020,,,,
2015-01-02,2020-12-31,1511,3.1560460496873244,3.1560460496873244,0.26818214288994513,,not_applicable_no_external_contributions,0.2906803832496761,-0.4181461165779662,339,0.9642389745801533,0.20921093700254073,6.921678539460526,22.933818663136996,2.2430397896449773e-18,0.04752402884628007,0.28814824844595394,0.3154288112250897,1.0447985223181409,0.12670274540205373,0.1414793974878914,-0.08097355474369383,0.6885245901639344,0.9387755102040817,1.0,2.2025089523564905,0.21423891884463941,0.053943224045305715,-0.13255224466788773,0.5573770491803278,0.6530612244897959,0.9459459459459459,,,A3_entry2_N30_monthly_B2_U_EW,A3,entry2,agg,0.0,0.0,2.0,2.0
2015-01-02,2015-12-31,252,0.006794317040974551,0.006794317040974551,0.006794317040974551,,not_applicable_no_external_contributions,0.227493340381297,-0.18069661498842182,199,0.14335062670682844,0.16381197588612348,0.7489522060621181,30.0,0.0,0.034049922767206274,0.20269819813516268,1.0,0.012343014952342468,0.012343014952342468,-0.005548697911367917,-0.061593929599420005,0.0,,,0.09435912855605699,0.09435912855605699,-0.08756481151508244,-0.041286171412507344,0.0,,,,,A3_combined_N30_monthly_B3_U_EW,A3,combined,2015,,,,
2016-01-04,2016-12-30,252,0.14816877602413747,0.14816877602413747,0.14816877602413747,,not_applicable_no_external_contributions,0.26942355728008016,-0.257536905191456,133,0.6478683293290266,0.19782245396965945,0.607711810153317,30.0,0.0,0.03428789930800136,0.2028381384663568,0.8374633046119097,0.11997857235377318,0.11997857235377318,0.02819020367036429,-0.16566176648699393,1.0,,,0.0709788733025889,0.0709788733025889,0.07718990272154858,-0.13717184384280434,1.0,,,,,A3_combined_N30_monthly_B3_U_EW,A3,combined,2016,,,,
2017-01-03,2017-12-29,251,0.4173003087701148,0.4173003087701148,0.4192709562801469,,not_applicable_no_external_contributions,0.1603181934847913,-0.07072609077045966,27,2.2655795181538085,0.1066035665076954,0.7189746537134039,30.0,0.0,0.033994273566020854,0.2013637450078104,0.7219237760593272,0.21705407983552738,0.2180069223101162,0.20126403397003068,-0.04462512930660445,1.0,,,0.3266354282920356,0.32813016684622753,0.09114078943391934,-0.021906661390426074,1.0,,,,,A3_combined_N30_monthly_B3_U_EW,A3,combined,2017,,,,
2018-01-02,2018-12-31,251,0.032113434587599965,0.032113434587599965,0.0322434174262789,,not_applicable_no_external_contributions,0.2514136062960892,-0.27410766107103923,84,0.25180643725843416,0.18383096159726026,0.6967056799039915,30.0,0.0,0.034139719920915634,0.20522113687085022,0.939856119146137,-0.04568978481733976,-0.04586757596890145,0.07811099339518035,-0.08061864416650932,1.0,,,-0.0012620080631124964,-0.0012670327970690787,0.033510450223347976,-0.04614109851125614,1.0,,,,,A3_combined_N30_monthly_B3_U_EW,A3,combined,2018,,,,
2019-01-02,2019-12-31,252,0.4450132902380408,0.4450132902380408,0.4450132902380408,,not_applicable_no_external_contributions,0.20059572787463054,-0.12061434285208528,71,1.9365610285696286,0.13666476928210824,0.5399153861278043,30.0,0.0,0.0340529847985145,0.2013715630725122,0.8432461597223228,0.3122385699692003,0.3122385699692003,0.13277472026884052,-0.05443090921115634,1.0,,,0.3896154377300354,0.3896154377300354,0.05539785250800544,-0.010782329062608564,1.0,,,,,A3_combined_N30_monthly_B3_U_EW,A3,combined,2019,,,,
2020-01-02,2020-12-31,253,0.26136681151549945,0.26136681151549945,0.2602096974916073,,not_applicable_no_external_contributions,0.4243595804180704,-0.44379579138008374,107,0.7602425161343439,0.3145733370196662,0.7071250972462687,30.0,0.0,0.03423680712927389,0.20689550479595367,0.9541573216376376,0.18331636419012742,0.18252936528846808,0.07768033220313919,-0.1066232295458115,1.0,,,0.48406113463867606,0.4817472047614195,-0.22153750726981225,-0.15820191947000517,0.0,,,,,A3_combined_N30_monthly_B3_U_EW,A3,combined,2020,,,,
2015-01-02,2020-12-31,1511,2.082116438969961,2.082116438969961,0.20650398710156903,,not_applicable_no_external_contributions,0.2687213133325734,-0.4437957913800836,418,0.8343482447956457,0.1954161780294347,0.6698718879760216,30.0,0.0,0.034127086632101476,0.2034005021725851,0.29850738715402225,1.0447985223181409,0.12670274540205373,0.0798012416995153,-0.10662322954581127,0.7377049180327869,0.9183673469387755,1.0,2.2025089523564905,0.21423891884463941,-0.0077349317430703834,-0.15820191947000517,0.5573770491803278,0.5918367346938775,0.7027027027027027,,,A3_combined_N30_monthly_B3_U_EW,A3,combined,agg,3.0,2.0,3.0,2.0
2015-01-02,2015-12-31,252,0.10113878902693041,0.10113878902693041,0.10113878902693041,,not_applicable_no_external_contributions,0.22961276855893473,-0.1565631361289711,116,0.5343814080325476,0.16481350575832157,5.153489716726189,30.0,2.1435918761651462e-18,0.033829973625452175,0.19678917937667448,0.818873253526569,0.012343014952342468,0.012343014952342468,0.08879577407458794,-0.03746045073996929,1.0,,,0.09435912855605699,0.09435912855605699,0.0067796604708734165,-0.017152692553056625,1.0,,,,,B2_base_N30_monthly_B2_U_EW,B2,base,2015,,,,
2016-01-04,2016-12-30,252,0.2879028636122458,0.2879028636122458,0.2879028636122458,,not_applicable_no_external_contributions,0.19760412598976776,-0.1662732235252531,67,1.3798560697434508,0.14086137751569316,6.203404323861459,30.0,0.0,0.033822875468948764,0.19729920580964846,0.9301928738687341,0.11997857235377318,0.11997857235377318,0.16792429125847264,-0.07439808482079102,1.0,,,0.0709788733025889,0.0709788733025889,0.21692399030965692,-0.04590816217660143,1.0,,,,,B2_base_N30_monthly_B2_U_EW,B2,base,2016,,,,
2017-01-03,2017-12-29,251,0.36210578254673775,0.36210578254673775,0.3637838436364429,,not_applicable_no_external_contributions,0.1995687318192046,-0.08022998705786155,54,1.6554605551287611,0.14030553425458717,5.210202171374638,30.0,0.0,0.033856045768173665,0.19650457707103178,0.7721220001395367,0.21705407983552738,0.2180069223101162,0.1457769213263267,-0.05412902559400634,1.0,,,0.3266354282920356,0.32813016684622753,0.03565367679021536,-0.031410557677827966,1.0,,,,,B2_base_N30_monthly_B2_U_EW,B2,base,2017,,,,
2018-01-02,2018-12-31,251,0.12926062823039453,0.12926062823039453,0.1298076787434621,,not_applicable_no_external_contributions,0.295914467946303,-0.31309712532652156,81,0.5604705034437347,0.21580298305061363,4.610793829441776,30.0,0.0,0.03415559001607983,0.20455755269793746,0.9164776614295749,-0.04568978481733976,-0.04586757596890145,0.17567525471236356,-0.11960810842199165,1.0,,,-0.0012620080631124964,-0.0012670327970690787,0.13107471154053119,-0.08513056276673847,1.0,,,,,B2_base_N30_monthly_B2_U_EW,B2,base,2018,,,,
2019-01-02,2019-12-31,252,0.3871239738558876,0.3871239738558876,0.3871239738558876,,not_applicable_no_external_contributions,0.1924000294683672,-0.115979665204762,61,1.7979526166051463,0.13469211944698972,6.108509694414612,30.0,0.0,0.03384258732297977,0.19502618638939054,0.7612802514934677,0.3122385699692003,0.3122385699692003,0.0748854038866873,-0.04979623156383306,1.0,,,0.3896154377300354,0.3896154377300354,-0.0024914638741477813,-0.006147651415285282,0.0,,,,,B2_base_N30_monthly_B2_U_EW,B2,base,2019,,,,
2020-01-02,2020-12-31,253,0.6481631081590988,0.6481631081590988,0.6449112867606617,,not_applicable_no_external_contributions,0.4586983191881244,-0.43695637098991036,96,1.3184725057135425,0.33146277202145613,5.593074208904412,30.0,0.0,0.034797077854846176,0.2176722893470314,0.8595957353620428,0.18331636419012742,0.18252936528846808,0.4623819214721936,-0.09978380915563811,1.0,,,0.48406113463867606,0.4817472047614195,0.16316408199924215,-0.1513624990798318,1.0,,,,,B2_base_N30_monthly_B2_U_EW,B2,base,2020,,,,
2015-01-02,2020-12-31,1511,3.98707225205819,3.98707225205819,0.30732806349692887,,not_applicable_no_external_contributions,0.2787647362247219,-0.43695637098991025,246,1.1024547864255014,0.20066737687145333,5.480740908192128,30.0,3.575017556542799e-19,0.034051245040571575,0.2013200237021112,0.30744103512522836,1.0447985223181409,0.12670274540205373,0.18062531809487514,-0.09978380915563789,0.7868852459016393,1.0,1.0,2.2025089523564905,0.21423891884463941,0.09308914465228946,-0.1513624990798318,0.5737704918032787,0.7755102040816326,1.0,,,B2_base_N30_monthly_B2_U_EW,B2,base,agg,0.0,0.0,2.0,0.0
2015-01-02,2015-12-31,252,0.10113878902693041,0.10113878902693041,0.10113878902693041,,not_applicable_no_external_contributions,0.22961276855893473,-0.1565631361289711,116,0.5343814080325476,0.16481350575832157,5.153489716726189,30.0,2.1435918761651462e-18,0.033829973625452175,0.19678917937667448,0.818873253526569,0.012343014952342468,0.012343014952342468,0.08879577407458794,-0.03746045073996929,1.0,,,0.09435912855605699,0.09435912855605699,0.0067796604708734165,-0.017152692553056625,1.0,,,,,B2_min3_N30_monthly_B2_U_EW,B2,min3,2015,,,,
2016-01-04,2016-12-30,252,0.2879028636122458,0.2879028636122458,0.2879028636122458,,not_applicable_no_external_contributions,0.19760412598976776,-0.1662732235252531,67,1.3798560697434508,0.14086137751569316,6.203404323861459,30.0,0.0,0.033822875468948764,0.19729920580964846,0.9301928738687341,0.11997857235377318,0.11997857235377318,0.16792429125847264,-0.07439808482079102,1.0,,,0.0709788733025889,0.0709788733025889,0.21692399030965692,-0.04590816217660143,1.0,,,,,B2_min3_N30_monthly_B2_U_EW,B2,min3,2016,,,,
2017-01-03,2017-12-29,251,0.36210578254673775,0.36210578254673775,0.3637838436364429,,not_applicable_no_external_contributions,0.1995687318192046,-0.08022998705786155,54,1.6554605551287611,0.14030553425458717,5.210202171374638,30.0,0.0,0.033856045768173665,0.19650457707103178,0.7721220001395367,0.21705407983552738,0.2180069223101162,0.1457769213263267,-0.05412902559400634,1.0,,,0.3266354282920356,0.32813016684622753,0.03565367679021536,-0.031410557677827966,1.0,,,,,B2_min3_N30_monthly_B2_U_EW,B2,min3,2017,,,,
2018-01-02,2018-12-31,251,0.12926062823039453,0.12926062823039453,0.1298076787434621,,not_applicable_no_external_contributions,0.295914467946303,-0.31309712532652156,81,0.5604705034437347,0.21580298305061363,4.610793829441776,30.0,0.0,0.03415559001607983,0.20455755269793746,0.9164776614295749,-0.04568978481733976,-0.04586757596890145,0.17567525471236356,-0.11960810842199165,1.0,,,-0.0012620080631124964,-0.0012670327970690787,0.13107471154053119,-0.08513056276673847,1.0,,,,,B2_min3_N30_monthly_B2_U_EW,B2,min3,2018,,,,
2019-01-02,2019-12-31,252,0.3871239738558876,0.3871239738558876,0.3871239738558876,,not_applicable_no_external_contributions,0.1924000294683672,-0.115979665204762,61,1.7979526166051463,0.13469211944698972,6.108509694414612,30.0,0.0,0.03384258732297977,0.19502618638939054,0.7612802514934677,0.3122385699692003,0.3122385699692003,0.0748854038866873,-0.04979623156383306,1.0,,,0.3896154377300354,0.3896154377300354,-0.0024914638741477813,-0.006147651415285282,0.0,,,,,B2_min3_N30_monthly_B2_U_EW,B2,min3,2019,,,,
2020-01-02,2020-12-31,253,0.6481631081590988,0.6481631081590988,0.6449112867606617,,not_applicable_no_external_contributions,0.4586983191881244,-0.43695637098991036,96,1.3184725057135425,0.33146277202145613,5.593074208904412,30.0,0.0,0.034797077854846176,0.2176722893470314,0.8595957353620428,0.18331636419012742,0.18252936528846808,0.4623819214721936,-0.09978380915563811,1.0,,,0.48406113463867606,0.4817472047614195,0.16316408199924215,-0.1513624990798318,1.0,,,,,B2_min3_N30_monthly_B2_U_EW,B2,min3,2020,,,,
2015-01-02,2020-12-31,1511,3.98707225205819,3.98707225205819,0.30732806349692887,,not_applicable_no_external_contributions,0.2787647362247219,-0.43695637098991025,246,1.1024547864255014,0.20066737687145333,5.480740908192128,30.0,3.575017556542799e-19,0.034051245040571575,0.2013200237021112,0.30744103512522836,1.0447985223181409,0.12670274540205373,0.18062531809487514,-0.09978380915563789,0.7868852459016393,1.0,1.0,2.2025089523564905,0.21423891884463941,0.09308914465228946,-0.1513624990798318,0.5737704918032787,0.7755102040816326,1.0,,,B2_min3_N30_monthly_B2_U_EW,B2,min3,agg,3.0,0.0,2.0,0.0
2015-01-02,2015-12-31,252,-0.029663760256537608,-0.029663760256537608,-0.029663760256537608,,not_applicable_no_external_contributions,0.22749966236002028,-0.20732247782102542,133,-0.018633497844963313,0.16768987328042975,0.6953725253353259,30.0,0.0,0.0340117952050054,0.20216292810516778,1.0,0.012343014952342468,0.012343014952342468,-0.042006775208880076,-0.0882197924320236,0.0,,,0.09435912855605699,0.09435912855605699,-0.1240228888125946,-0.06791203424511094,0.0,,,,,B2_exit2_N30_monthly_B2_U_EW,B2,exit2,2015,,,,
2016-01-04,2016-12-30,252,0.1589003552440258,0.1589003552440258,0.1589003552440258,,not_applicable_no_external_contributions,0.2656158012275929,-0.25013703968390333,136,0.6881752391016377,0.19254732529466004,0.5757194367802947,30.0,0.0,0.03422319785224564,0.20116469228905332,0.8375262990031779,0.11997857235377318,0.11997857235377318,0.03892178289025261,-0.15826190097944126,1.0,,,0.0709788733025889,0.0709788733025889,0.0879214819414369,-0.12977197833525167,1.0,,,,,B2_exit2_N30_monthly_B2_U_EW,B2,exit2,2016,,,,
2017-01-03,2017-12-29,251,0.5155451313745074,0.5155451313745074,0.5180576742340748,,not_applicable_no_external_contributions,0.16005540930510936,-0.06411023836190999,24,2.689956015565864,0.10197365309111477,0.7143405481755166,30.0,0.0,0.03398053054004126,0.20056487521068544,0.7426235424007585,0.21705407983552738,0.2180069223101162,0.3000507519239586,-0.03800927689805478,1.0,,,0.3266354282920356,0.32813016684622753,0.18992750738784725,-0.015290808981876403,1.0,,,,,B2_exit2_N30_monthly_B2_U_EW,B2,exit2,2017,,,,
2018-01-02,2018-12-31,251,0.12133923851650064,0.12133923851650064,0.12185098848504516,,not_applicable_no_external_contributions,0.25183363502482986,-0.2636985703935356,84,0.5823685864536285,0.18117375352840004,0.6676707550887719,30.0,0.0,0.0340763904573737,0.20378474824886297,0.9276981519838596,-0.04568978481733976,-0.04586757596890145,0.16771856445394662,-0.0702095534890057,1.0,,,-0.0012620080631124964,-0.0012670327970690787,0.12311802128211424,-0.03573200783375252,1.0,,,,,B2_exit2_N30_monthly_B2_U_EW,B2,exit2,2018,,,,
2019-01-02,2019-12-31,252,0.3970177108897428,0.3970177108897428,0.3970177108897428,,not_applicable_no_external_contributions,0.20323606190645296,-0.11988056258407942,143,1.74751580656528,0.13793912236594327,0.5651345350079987,30.0,0.0,0.034145579215363576,0.2045616334311621,0.9198889296494706,0.3122385699692003,0.3122385699692003,0.0847791409205425,-0.053697128943150485,1.0,,,0.3896154377300354,0.3896154377300354,0.007402273159707429,-0.010048548794602707,1.0,,,,,B2_exit2_N30_monthly_B2_U_EW,B2,exit2,2019,,,,
2020-01-02,2020-12-31,253,0.3276447613220492,0.3276447613220492,0.3261583877515204,,not_applicable_no_external_contributions,0.38497465513861057,-0.38318464501809546,96,0.9284896429227821,0.28282850316242786,0.6836192249812529,30.0,0.0,0.03419328739112243,0.2045038649167976,0.9218463442646797,0.18331636419012742,0.18252936528846808,0.1436290224630523,-0.046012083183823216,1.0,,,0.48406113463867606,0.4817472047614195,-0.15558881700989913,-0.09759077310801689,0.0,,,,,B2_exit2_N30_monthly_B2_U_EW,B2,exit2,2020,,,,
2015-01-02,2020-12-31,1511,2.544524959670668,2.544524959670668,0.2349620838165274,,not_applicable_no_external_contributions,0.25838110424537847,-0.38318464501809535,360,0.9472154682843076,0.18606422526342742,0.6502776825378859,30.0,0.0,0.034105289935806755,0.20279240587444938,0.29658807237673696,1.0447985223181409,0.12670274540205373,0.10825933841447366,-0.046012083183822994,0.6721311475409836,0.8979591836734694,1.0,2.2025089523564905,0.21423891884463941,0.020723164971887975,-0.09759077310801689,0.5573770491803278,0.6122448979591837,0.8918918918918919,,,B2_exit2_N30_monthly_B2_U_EW,B2,exit2,agg,0.0,2.0,2.0,0.0
2015-01-02,2015-12-31,252,0.06235605017479329,0.06235605017479329,0.06235605017479329,,not_applicable_no_external_contributions,0.23314002373511405,-0.16694887979040196,116,0.37597294975200757,0.16856386009627777,4.327449924710029,30.0,0.0,0.0337399267991179,0.19337681953913555,0.8723477618061872,0.012343014952342468,0.012343014952342468,0.05001303522245082,-0.047846194401400144,1.0,,,0.09435912855605699,0.09435912855605699,-0.032003078381263705,-0.027538436214487483,0.0,,,,,B2_rank90_N30_monthly_B3_U_EW,B2,rank90,2015,,,,
2016-01-04,2016-12-30,252,0.28825790300281806,0.28825790300281806,0.28825790300281806,,not_applicable_no_external_contributions,0.1952162401582516,-0.1702958991173621,65,1.3957077357440788,0.13816129760634066,5.370522564848125,30.0,0.0,0.03383458249212406,0.19800125860155096,0.934633059218456,0.11997857235377318,0.11997857235377318,0.16827933064904488,-0.07842076041290003,1.0,,,0.0709788733025889,0.0709788733025889,0.21727902970022916,-0.049930837768710434,1.0,,,,,B2_rank90_N30_monthly_B3_U_EW,B2,rank90,2016,,,,
2017-01-03,2017-12-29,251,0.3639689950914844,0.3639689950914844,0.3656567889900413,,not_applicable_no_external_contributions,0.20029659761061655,-0.08413800117487225,70,1.65703215514653,0.14124627238041168,4.44438722274741,30.0,0.0,0.03388042661828281,0.19710121826883026,0.758403367815448,0.21705407983552738,0.2180069223101162,0.14764986667992508,-0.058037039711017036,1.0,,,0.3266354282920356,0.32813016684622753,0.03752662214381375,-0.03531857179483866,1.0,,,,,B2_rank90_N30_monthly_B3_U_EW,B2,rank90,2017,,,,
2018-01-02,2018-12-31,251,0.15786024652419361,0.15786024652419361,0.15853658679106175,,not_applicable_no_external_contributions,0.2973863622429876,-0.3125047454765608,81,0.6436443688667831,0.21648145551998954,4.039634480194897,30.0,0.0,0.03417139145827693,0.20561796677331146,0.9055225699287471,-0.04568978481733976,-0.04586757596890145,0.2044041627599632,-0.11901572857203091,1.0,,,-0.0012620080631124964,-0.0012670327970690787,0.15980361958813083,-0.08453818291677773,1.0,,,,,B2_rank90_N30_monthly_B3_U_EW,B2,rank90,2018,,,,
2019-01-02,2019-12-31,252,0.2905542731253483,0.2905542731253483,0.2905542731253483,,not_applicable_no_external_contributions,0.19552339081128953,-0.12516344210695318,91,1.4028427294279444,0.13828073066800484,5.495269292185038,30.0,2.336180206264679e-18,0.03394523065718888,0.19806877981094562,0.8210610814826076,0.3122385699692003,0.3122385699692003,-0.02168429684385198,-0.05898000846602425,0.0,,,0.3896154377300354,0.3896154377300354,-0.09906116460468706,-0.01533142831747647,0.0,,,,,B2_rank90_N30_monthly_B3_U_EW,B2,rank90,2019,,,,
2020-01-02,2020-12-31,253,0.5792964553397209,0.5792964553397209,0.5764464369384097,,not_applicable_no_external_contributions,0.4576256104330936,-0.4406612211717771,85,1.22794687926911,0.3348363648126686,4.825634178298975,30.0,2.0081560869674772e-18,0.03453556566565395,0.21457237239584842,0.8212098686453096,0.18331636419012742,0.18252936528846808,0.3939170716499416,-0.10348865933750484,1.0,,,0.48406113463867606,0.4817472047614195,0.09469923217699017,-0.15506734926169852,1.0,,,,,B2_rank90_N30_monthly_B3_U_EW,B2,rank90,2020,,,,
2015-01-02,2020-12-31,1511,3.405279684617189,3.405279684617189,0.2805600417707168,,not_applicable_no_external_contributions,0.27936132589266816,-0.4406612211717771,342,1.0267157965171785,0.2024419238640627,4.7512057071789835,30.0,7.258642633894579e-19,0.034018185915044026,0.20113165709168662,0.2974579713118269,1.0447985223181409,0.12670274540205373,0.15385729636866308,-0.10348865933750473,0.6885245901639344,0.9795918367346939,1.0,2.2025089523564905,0.21423891884463941,0.06632112292607739,-0.15506734926169863,0.5245901639344263,0.7551020408163265,0.9459459459459459,,,B2_rank90_N30_monthly_B3_U_EW,B2,rank90,agg,0.0,0.0,3.0,0.0
2015-01-02,2015-12-31,252,0.08918386153193159,0.08918386153193159,0.08918386153193159,,not_applicable_no_external_contributions,0.23337731308282458,-0.17130292988026563,136,0.482663161095654,0.16680059215873436,5.563939949704292,26.357142857142858,0.0,0.04064157264843408,0.2461982220012286,0.8324968498686245,0.012343014952342468,0.012343014952342468,0.07684084657958912,-0.052200244491263814,1.0,,,0.09435912855605699,0.09435912855605699,-0.005175267024125407,-0.03189248630435115,0.0,,,,,B2_entry2_N30_monthly_B2_U_EW,B2,entry2,2015,,,,
2016-01-04,2016-12-30,252,0.2276204540375122,0.2276204540375122,0.2276204540375122,,not_applicable_no_external_contributions,0.20536719021693992,-0.16997766922944613,60,1.101685397619031,0.14777235802561745,7.053453093797925,24.214285714285715,0.0,0.04444817245542952,0.2645245449126988,0.9056857788952006,0.11997857235377318,0.11997857235377318,0.107641881683739,-0.07810253052498406,1.0,,,0.0709788733025889,0.0709788733025889,0.1566415807349233,-0.04961260788079447,1.0,,,,,B2_entry2_N30_monthly_B2_U_EW,B2,entry2,2016,,,,
2017-01-03,2017-12-29,251,0.3591330881321195,0.3591330881321195,0.36079564198440317,,not_applicable_no_external_contributions,0.20285013747231279,-0.09319711171567835,41,1.6211002501084666,0.14251158480790235,6.285625409743787,26.223107569721115,0.0,0.04004640514063929,0.24120475321865478,0.7258612365504582,0.21705407983552738,0.2180069223101162,0.14278871967428697,-0.06709615025182314,1.0,,,0.3266354282920356,0.32813016684622753,0.03266547513817564,-0.044377682335644764,1.0,,,,,B2_entry2_N30_monthly_B2_U_EW,B2,entry2,2017,,,,
2018-01-02,2018-12-31,251,0.13960241967538667,0.13960241967538667,0.14019589133995347,,not_applicable_no_external_contributions,0.2957218731913673,-0.3036081545777286,81,0.5916038078660777,0.21528290189538327,5.305598887911201,27.96812749003984,2.157989804066871e-18,0.0371446447373211,0.22772917273531396,0.9079631517228978,-0.04568978481733976,-0.04586757596890145,0.18606346730885492,-0.1101191376731987,1.0,,,-0.0012620080631124964,-0.0012670327970690787,0.14146292413702255,-0.07564159201794551,1.0,,,,,B2_entry2_N30_monthly_B2_U_EW,B2,entry2,2018,,,,
2019-01-02,2019-12-31,252,0.2840921276160471,0.2840921276160471,0.2840921276160471,,not_applicable_no_external_contributions,0.20413588747254424,-0.13620850522181693,91,1.3274255840366724,0.14361973238128528,7.0703222538457915,24.134920634920636,0.0,0.045685927362589,0.28225388698473725,0.7988662024841917,0.3122385699692003,0.3122385699692003,-0.028146442353153223,-0.070025071580888,0.0,,,0.3896154377300354,0.3896154377300354,-0.1055233101139883,-0.02637649143234022,0.0,,,,,B2_entry2_N30_monthly_B2_U_EW,B2,entry2,2019,,,,
2020-01-02,2020-12-31,253,0.5787759678527535,0.5787759678527535,0.5759289419428972,,not_applicable_no_external_contributions,0.4557401450558078,-0.42490839310978423,96,1.2300697445205055,0.33221397337753344,6.380460883585609,25.213438735177867,0.0,0.04278398382691408,0.27218853398164344,0.813148492861435,0.18331636419012742,0.18252936528846808,0.39339957665442915,-0.08773583127551199,1.0,,,0.48406113463867606,0.4817472047614195,0.09418173718147771,-0.13931452119970567,1.0,,,,,B2_entry2_N30_monthly_B2_U_EW,B2,entry2,2020,,,,
2015-01-02,2020-12-31,1511,3.198530884216172,3.198530884216172,0.2703350698532556,,not_applicable_no_external_contributions,0.2811162676950219,-0.4249083931097839,358,0.9934111556825047,0.20316060027278654,6.277272109325122,25.682991396426207,3.584748119263961e-19,0.041796671667189526,0.2557221914588123,0.29043446083084573,1.0447985223181409,0.12670274540205373,0.1436323244512019,-0.08773583127551154,0.6229508196721312,0.9387755102040817,1.0,2.2025089523564905,0.21423891884463941,0.0560961510086162,-0.13931452119970544,0.5081967213114754,0.6938775510204082,0.918918918918919,,,B2_entry2_N30_monthly_B2_U_EW,B2,entry2,agg,0.0,0.0,2.0,2.0
2015-01-02,2015-12-31,252,0.010277204796510064,0.010277204796510064,0.010277204796510064,,not_applicable_no_external_contributions,0.22833086050428822,-0.1918267118452721,199,0.15876529921802734,0.1641108756539108,0.7681058194557627,30.0,0.0,0.03406523088315231,0.20310058088471872,1.0,0.012343014952342468,0.012343014952342468,-0.002065810155832404,-0.0727240264562703,0.0,,,0.09435912855605699,0.09435912855605699,-0.08408192375954693,-0.052416268269357635,0.0,,,,,B2_combined_N30_monthly_B3_U_EW,B2,combined,2015,,,,
2016-01-04,2016-12-30,252,0.16232283430004468,0.16232283430004468,0.16232283430004468,,not_applicable_no_external_contributions,0.26040470924517445,-0.2396245663766845,103,0.7082000270872635,0.19128887627738161,0.5993412579323679,30.0,0.0,0.034297163216117206,0.20262480548010695,0.8549305841733114,0.11997857235377318,0.11997857235377318,0.0423442619462715,-0.14774942767222243,1.0,,,0.0709788733025889,0.0709788733025889,0.09134396099745579,-0.11925950502803284,1.0,,,,,B2_combined_N30_monthly_B3_U_EW,B2,combined,2016,,,,
2017-01-03,2017-12-29,251,0.44064113239450786,0.44064113239450786,0.44273811981725775,,not_applicable_no_external_contributions,0.1557964980497854,-0.07248634481113791,28,2.432110406255922,0.10162634241194153,0.6998524385385632,30.0,0.0,0.033944387710664194,0.19954699363455533,0.7535829164047099,0.21705407983552738,0.2180069223101162,0.22473119750714154,-0.046385383347282705,1.0,,,0.3266354282920356,0.32813016684622753,0.11460795297103021,-0.02366691543110433,1.0,,,,,B2_combined_N30_monthly_B3_U_EW,B2,combined,2017,,,,
2018-01-02,2018-12-31,251,0.02467327309596845,0.02467327309596845,0.024772780657755122,,not_applicable_no_external_contributions,0.24825234502507237,-0.27676616875109417,82,0.22262982800231318,0.18271695930170584,0.6988906580973715,30.0,0.0,0.034122467505245335,0.20477188861996187,0.9641344302832195,-0.04568978481733976,-0.04586757596890145,0.07064035662665658,-0.08327715184656426,1.0,,,-0.0012620080631124964,-0.0012670327970690787,0.0260398134548242,-0.04879960619131107,1.0,,,,,B2_combined_N30_monthly_B3_U_EW,B2,combined,2018,,,,
2019-01-02,2019-12-31,252,0.4229716097069738,0.4229716097069738,0.4229716097069738,,not_applicable_no_external_contributions,0.19806602081834962,-0.1048436875505192,74,1.8810283481921353,0.13457219681297247,0.5012454945983786,30.0,0.0,0.03401530789594916,0.20080885537542079,0.849414571884461,0.3122385699692003,0.3122385699692003,0.11073303973777349,-0.03866025390959027,1.0,,,0.3896154377300354,0.3896154377300354,0.03335617197693841,0.004988326238957508,1.0,,,,,B2_combined_N30_monthly_B3_U_EW,B2,combined,2019,,,,
2020-01-02,2020-12-31,253,0.18201080564398042,0.18201080564398042,0.181229829085773,,not_applicable_no_external_contributions,0.41016089373995146,-0.4311959609070819,210,0.6139021213003215,0.3042671929782673,0.6702161038768619,30.0,0.0,0.0341547947001061,0.2032166678034403,0.9846507429967744,0.18331636419012742,0.18252936528846808,-0.001299536202695073,-0.09402339907280965,0.0,,,0.48406113463867606,0.4817472047614195,-0.3005173756756465,-0.14560208899700333,0.0,,,,,B2_combined_N30_monthly_B3_U_EW,B2,combined,2020,,,,
2015-01-02,2020-12-31,1511,1.9155884745038496,1.9155884745038496,0.19537902505153526,,not_applicable_no_external_contributions,0.26235590539938136,-0.43119596090708234,417,0.8127262088956801,0.19072828787267398,0.6562274782773435,30.0,0.0,0.03410001629458322,0.20234578776882617,0.30714255431530046,1.0447985223181409,0.12670274540205373,0.06867627964948153,-0.09402339907280999,0.5737704918032787,0.8775510204081632,0.972972972972973,2.2025089523564905,0.21423891884463941,-0.018859893793104154,-0.1456020889970039,0.5409836065573771,0.6530612244897959,0.7297297297297297,,,B2_combined_N30_monthly_B3_U_EW,B2,combined,agg,3.0,2.0,3.0,2.0
2015-01-02,2015-12-31,252,0.01700647126682786,0.01700647126682786,0.01700647126682786,,not_applicable_no_external_contributions,0.2654206587734865,-0.2655453222992379,136,0.19625312299348152,0.19357459676970873,2.6103011648196612,30.0,0.0,0.03445569274938513,0.2108693576614938,0.9911636581494397,0.012343014952342468,0.012343014952342468,0.0046634563144853924,-0.14644263691023607,1.0,,,0.09435912855605699,0.09435912855605699,-0.07735265728922913,-0.1261348787233234,0.0,,,,,D1_base_N30_monthly_B2_U_EW,D1,base,2015,,,,
2016-01-04,2016-12-30,252,0.42518813806268985,0.42518813806268985,0.42518813806268985,,not_applicable_no_external_contributions,0.28832071293124495,-0.2659075310819259,75,1.3736791142511247,0.1987939953380844,3.8136177493248127,30.0,0.0,0.03459652745824867,0.21534827324225503,0.899319464959752,0.11997857235377318,0.11997857235377318,0.30520956570891666,-0.17403239237746382,1.0,,,0.0709788733025889,0.0709788733025889,0.35420926476010095,-0.14554246973327423,1.0,,,,,D1_base_N30_monthly_B2_U_EW,D1,base,2016,,,,
2017-01-03,2017-12-29,251,0.20764199643687542,0.20764199643687542,0.20855008847335887,,not_applicable_no_external_contributions,0.19794704716436787,-0.15266366877836512,107,1.0558668718610547,0.1348033162857424,2.7652444274576613,30.0,0.0,0.034315558633852467,0.21065943640486065,0.9008008437852426,0.21705407983552738,0.2180069223101162,-0.009456833836757328,-0.12656270731450991,0.0,,,0.3266354282920356,0.32813016684622753,-0.11958007837286866,-0.10384423939833154,0.0,,,,,D1_base_N30_monthly_B2_U_EW,D1,base,2017,,,,
2018-01-02,2018-12-31,251,-0.026366135013120906,-0.026366135013120906,-0.0264697767184654,,not_applicable_no_external_contributions,0.2952485397330887,-0.3394881799964904,84,0.05651789982644958,0.21560798444694992,2.6759931605226788,30.0,0.0,0.03471473925829394,0.21762038321194555,0.9701672179713803,-0.04568978481733976,-0.04586757596890145,0.019397799250436054,-0.14599916309196048,1.0,,,-0.0012620080631124964,-0.0012670327970690787,-0.02520274392139632,-0.1115216174367073,0.0,,,,,D1_base_N30_monthly_B2_U_EW,D1,base,2018,,,,
2019-01-02,2019-12-31,252,0.6204026462256553,0.6204026462256553,0.6204026462256553,,not_applicable_no_external_contributions,0.24748559233807985,-0.09840266923972796,60,2.0756113914861705,0.1663443460805496,2.709421403013963,30.0,0.0,0.03463878633721269,0.21165894325006557,0.8461542995810118,0.3122385699692003,0.3122385699692003,0.30816407625645503,-0.03221923559879902,1.0,,,0.3896154377300354,0.3896154377300354,0.23078720849561996,0.011429344549748754,1.0,,,,,D1_base_N30_monthly_B2_U_EW,D1,base,2019,,,,
2020-01-02,2020-12-31,253,2.0316402273186998,2.0316402273186998,2.018379182290007,,not_applicable_no_external_contributions,0.5843305782924648,-0.48418025517662455,38,2.1846124675092127,0.37987624084529553,4.075973319181101,30.0,0.0,0.03872213857503118,0.2451824251661311,0.8457656016203261,0.18331636419012742,0.18252936528846808,1.835849817001539,-0.1470076933423523,1.0,,,0.48406113463867606,0.4817472047614195,1.5366319775285875,-0.19858638326654598,1.0,,,,,D1_base_N30_monthly_B2_U_EW,D1,base,2020,,,,
2015-01-02,2020-12-31,1511,7.372022732239605,7.372022732239605,0.4253018758953049,,not_applicable_no_external_contributions,0.3381295274824384,-0.48418025517662433,295,1.2174159280212125,0.22881912251392264,3.1095788512639384,30.0,0.0,0.03524383817320513,0.21857993711291251,0.32212060718135316,1.0447985223181409,0.12670274540205373,0.29859913049325115,-0.14700769334235197,0.7540983606557377,0.9795918367346939,1.0,2.2025089523564905,0.21423891884463941,0.21106295705066547,-0.19858638326654587,0.7049180327868853,0.8775510204081632,0.918918918918919,,,D1_base_N30_monthly_B2_U_EW,D1,base,agg,0.0,0.0,2.0,0.0
2015-01-02,2015-12-31,252,0.01700647126682786,0.01700647126682786,0.01700647126682786,,not_applicable_no_external_contributions,0.2654206587734865,-0.2655453222992379,136,0.19625312299348152,0.19357459676970873,2.6103011648196612,30.0,0.0,0.03445569274938513,0.2108693576614938,0.9911636581494397,0.012343014952342468,0.012343014952342468,0.0046634563144853924,-0.14644263691023607,1.0,,,0.09435912855605699,0.09435912855605699,-0.07735265728922913,-0.1261348787233234,0.0,,,,,D1_min3_N30_monthly_B2_U_EW,D1,min3,2015,,,,
2016-01-04,2016-12-30,252,0.42518813806268985,0.42518813806268985,0.42518813806268985,,not_applicable_no_external_contributions,0.28832071293124495,-0.2659075310819259,75,1.3736791142511247,0.1987939953380844,3.8136177493248127,30.0,0.0,0.03459652745824867,0.21534827324225503,0.899319464959752,0.11997857235377318,0.11997857235377318,0.30520956570891666,-0.17403239237746382,1.0,,,0.0709788733025889,0.0709788733025889,0.35420926476010095,-0.14554246973327423,1.0,,,,,D1_min3_N30_monthly_B2_U_EW,D1,min3,2016,,,,
2017-01-03,2017-12-29,251,0.20764199643687542,0.20764199643687542,0.20855008847335887,,not_applicable_no_external_contributions,0.19794704716436787,-0.15266366877836512,107,1.0558668718610547,0.1348033162857424,2.7652444274576613,30.0,0.0,0.034315558633852467,0.21065943640486065,0.9008008437852426,0.21705407983552738,0.2180069223101162,-0.009456833836757328,-0.12656270731450991,0.0,,,0.3266354282920356,0.32813016684622753,-0.11958007837286866,-0.10384423939833154,0.0,,,,,D1_min3_N30_monthly_B2_U_EW,D1,min3,2017,,,,
2018-01-02,2018-12-31,251,-0.026366135013120906,-0.026366135013120906,-0.0264697767184654,,not_applicable_no_external_contributions,0.2952485397330887,-0.3394881799964904,84,0.05651789982644958,0.21560798444694992,2.6759931605226788,30.0,0.0,0.03471473925829394,0.21762038321194555,0.9701672179713803,-0.04568978481733976,-0.04586757596890145,0.019397799250436054,-0.14599916309196048,1.0,,,-0.0012620080631124964,-0.0012670327970690787,-0.02520274392139632,-0.1115216174367073,0.0,,,,,D1_min3_N30_monthly_B2_U_EW,D1,min3,2018,,,,
2019-01-02,2019-12-31,252,0.6204026462256553,0.6204026462256553,0.6204026462256553,,not_applicable_no_external_contributions,0.24748559233807985,-0.09840266923972796,60,2.0756113914861705,0.1663443460805496,2.709421403013963,30.0,0.0,0.03463878633721269,0.21165894325006557,0.8461542995810118,0.3122385699692003,0.3122385699692003,0.30816407625645503,-0.03221923559879902,1.0,,,0.3896154377300354,0.3896154377300354,0.23078720849561996,0.011429344549748754,1.0,,,,,D1_min3_N30_monthly_B2_U_EW,D1,min3,2019,,,,
2020-01-02,2020-12-31,253,2.0316402273186998,2.0316402273186998,2.018379182290007,,not_applicable_no_external_contributions,0.5843305782924648,-0.48418025517662455,38,2.1846124675092127,0.37987624084529553,4.075973319181101,30.0,0.0,0.03872213857503118,0.2451824251661311,0.8457656016203261,0.18331636419012742,0.18252936528846808,1.835849817001539,-0.1470076933423523,1.0,,,0.48406113463867606,0.4817472047614195,1.5366319775285875,-0.19858638326654598,1.0,,,,,D1_min3_N30_monthly_B2_U_EW,D1,min3,2020,,,,
2015-01-02,2020-12-31,1511,7.372022732239605,7.372022732239605,0.4253018758953049,,not_applicable_no_external_contributions,0.3381295274824384,-0.48418025517662433,295,1.2174159280212125,0.22881912251392264,3.1095788512639384,30.0,0.0,0.03524383817320513,0.21857993711291251,0.32212060718135316,1.0447985223181409,0.12670274540205373,0.29859913049325115,-0.14700769334235197,0.7540983606557377,0.9795918367346939,1.0,2.2025089523564905,0.21423891884463941,0.21106295705066547,-0.19858638326654587,0.7049180327868853,0.8775510204081632,0.918918918918919,,,D1_min3_N30_monthly_B2_U_EW,D1,min3,agg,3.0,0.0,2.0,0.0
2015-01-02,2015-12-31,252,-0.013611122498789041,-0.013611122498789041,-0.013611122498789041,,not_applicable_no_external_contributions,0.24178829099993307,-0.22184147364168083,133,0.0639315314128223,0.17250309682551712,0.7418772363077725,30.0,0.0,0.034159349307588224,0.20547125112787804,0.947630983143448,0.012343014952342468,0.012343014952342468,-0.02595413745113151,-0.10273878825267901,0.0,,,0.09435912855605699,0.09435912855605699,-0.10797025105484603,-0.08243103006576635,0.0,,,,,D1_exit2_N30_monthly_B2_U_EW,D1,exit2,2015,,,,
2016-01-04,2016-12-30,252,0.20412434385856892,0.20412434385856892,0.20412434385856892,,not_applicable_no_external_contributions,0.28791223001239813,-0.25424896571152633,62,0.7893643838300082,0.20635855209232623,0.7137104205698716,30.0,0.0,0.034449714150121276,0.207687784013106,0.8762226616803036,0.11997857235377318,0.11997857235377318,0.08414577150479574,-0.16237382700706426,1.0,,,0.0709788733025889,0.0709788733025889,0.13314547055598003,-0.13388390436287467,1.0,,,,,D1_exit2_N30_monthly_B2_U_EW,D1,exit2,2016,,,,
2017-01-03,2017-12-29,251,0.6170425379554489,0.6170425379554489,0.6201417145955825,,not_applicable_no_external_contributions,0.17282968325151885,-0.06108272818166782,23,2.8807298041382126,0.11165863411693494,0.7323910060549431,30.0,0.0,0.0340727411793708,0.20278469755966302,0.7136306173493683,0.21705407983552738,0.2180069223101162,0.40213479228546634,-0.03498176671781261,1.0,,,0.3266354282920356,0.32813016684622753,0.292011547749355,-0.012263298801634237,1.0,,,,,D1_exit2_N30_monthly_B2_U_EW,D1,exit2,2017,,,,
2018-01-02,2018-12-31,251,0.034376174120358094,0.034376174120358094,0.03451546787421411,,not_applicable_no_external_contributions,0.2610148852653007,-0.26308840076997475,66,0.2600132855141815,0.18464627376844858,0.6786792996718153,30.0,0.0,0.03413815361982605,0.20553446787094298,0.978701055721209,-0.04568978481733976,-0.04586757596890145,0.08038304384311556,-0.06959938386544484,1.0,,,-0.0012620080631124964,-0.0012670327970690787,0.03578250067128319,-0.03512183821019166,1.0,,,,,D1_exit2_N30_monthly_B2_U_EW,D1,exit2,2018,,,,
2019-01-02,2019-12-31,252,0.5646345130943211,0.5646345130943211,0.5646345130943211,,not_applicable_no_external_contributions,0.21069346315947501,-0.09750886338849063,125,2.23131176644866,0.13412652872898598,0.6111317554385127,30.0,0.0,0.03414520668171922,0.2039567032868985,0.888447601918107,0.3122385699692003,0.3122385699692003,0.2523959431251208,-0.031325429747561695,1.0,,,0.3896154377300354,0.3896154377300354,0.17501907536428574,0.012323150400986083,1.0,,,,,D1_exit2_N30_monthly_B2_U_EW,D1,exit2,2019,,,,
2020-01-02,2020-12-31,253,0.6658249394426217,0.6658249394426217,0.6624682289201995,,not_applicable_no_external_contributions,0.4233109715225025,-0.44478764238346535,71,1.4167527033586775,0.31019516501324873,0.7336927911929343,30.0,0.0,0.03441457832486155,0.21215712117209437,0.8481366266660018,0.18331636419012742,0.18252936528846808,0.47993886363173144,-0.10761508054919311,1.0,,,0.48406113463867606,0.4817472047614195,0.18072102415878,-0.1591937704733868,1.0,,,,,D1_exit2_N30_monthly_B2_U_EW,D1,exit2,2020,,,,
2015-01-02,2020-12-31,1511,4.177996132406996,4.177996132406996,0.31554505737382477,,not_applicable_no_external_contributions,0.2778531539454956,-0.44478764238346535,352,1.1275118384362248,0.19725850299613268,0.7019299899489744,30.0,0.0,0.03423024419981762,0.20627202399963493,0.293229830208484,1.0447985223181409,0.12670274540205373,0.18884231197177104,-0.107615080549193,0.819672131147541,1.0,1.0,2.2025089523564905,0.21423891884463941,0.10130613852918535,-0.1591937704733869,0.7540983606557377,0.9183673469387755,1.0,,,D1_exit2_N30_monthly_B2_U_EW,D1,exit2,agg,0.0,2.0,2.0,0.0
2015-01-02,2015-12-31,252,0.07292205661934004,0.07292205661934004,0.07292205661934004,,not_applicable_no_external_contributions,0.2696856701621863,-0.2560765629611803,136,0.39578149762390946,0.19398233051883604,2.1150570553342076,30.0,0.0,0.034511811805316345,0.21263794224540347,0.9644372464943245,0.012343014952342468,0.012343014952342468,0.06057904166699757,-0.1369738775721785,1.0,,,0.09435912855605699,0.09435912855605699,-0.021437071936716956,-0.11666611938526583,0.0,,,,,D1_rank90_N30_monthly_B3_U_EW,D1,rank90,2015,,,,
2016-01-04,2016-12-30,252,0.3004023400294664,0.3004023400294664,0.3004023400294664,,not_applicable_no_external_contributions,0.28663983326114356,-0.29196503259940676,105,1.0603916465676948,0.20646903995102747,2.994227238962689,30.0,0.0,0.03456054665027935,0.2133678322209084,0.9385151987206125,0.11997857235377318,0.11997857235377318,0.18042376767569324,-0.2000898938949447,1.0,,,0.0709788733025889,0.0709788733025889,0.22942346672687752,-0.1715999712507551,1.0,,,,,D1_rank90_N30_monthly_B3_U_EW,D1,rank90,2016,,,,
2017-01-03,2017-12-29,251,0.2362999451791552,0.2362999451791552,0.23734519818042576,,not_applicable_no_external_contributions,0.20016041237284427,-0.1472055341481152,109,1.1641096538165479,0.1361070439108699,2.4158286395757544,30.0,0.0,0.03435011775371005,0.21134099557444885,0.9128102805038247,0.21705407983552738,0.2180069223101162,0.019338275870309563,-0.12110457268426,1.0,,,0.3266354282920356,0.32813016684622753,-0.09078496866580177,-0.09838610476808163,0.0,,,,,D1_rank90_N30_monthly_B3_U_EW,D1,rank90,2017,,,,
2018-01-02,2018-12-31,251,-0.01091205135902773,-0.01091205135902773,-0.01095528665779788,,not_applicable_no_external_contributions,0.2941151749328486,-0.3185065693080329,135,0.10931583356012846,0.2131584060897857,2.6089071321458657,30.0,0.0,0.034683551168532216,0.21693443731649603,0.9974176196286807,-0.04568978481733976,-0.04586757596890145,0.03491228931110357,-0.12501755240350299,1.0,,,-0.0012620080631124964,-0.0012670327970690787,-0.009688253860728802,-0.0905400067482498,0.0,,,,,D1_rank90_N30_monthly_B3_U_EW,D1,rank90,2018,,,,
2019-01-02,2019-12-31,252,0.5806551566858842,0.5806551566858842,0.5806551566858842,,not_applicable_no_external_contributions,0.24665366414674425,-0.11619259310076091,156,1.9808720324773328,0.1655870056338373,2.485068719995386,30.0,0.0,0.03460539490122201,0.211786683273237,0.8492112047476091,0.3122385699692003,0.3122385699692003,0.2684165867166839,-0.050009159459831976,1.0,,,0.3896154377300354,0.3896154377300354,0.19103971895584881,-0.006360579311284198,1.0,,,,,D1_rank90_N30_monthly_B3_U_EW,D1,rank90,2019,,,,
2020-01-02,2020-12-31,253,2.403068137585358,2.403068137585358,2.3866349758418233,,not_applicable_no_external_contributions,0.573289369301254,-0.48623127525487164,38,2.417371071642892,0.37100913114883677,3.511783060045849,30.0,0.0,0.038546692862596946,0.24376511153415675,0.8234658593608014,0.18331636419012742,0.18252936528846808,2.204105610553355,-0.1490587134205994,1.0,,,0.48406113463867606,0.4817472047614195,1.9048877710804037,-0.20063740334479307,1.0,,,,,D1_rank90_N30_monthly_B3_U_EW,D1,rank90,2020,,,,
2015-01-02,2020-12-31,1511,8.177247690793385,8.177247690793385,0.4472990094882836,,not_applicable_no_external_contributions,0.33538573322343707,-0.48623127525487175,346,1.2703917605965032,0.2272239583518957,2.6892566197851635,30.0,0.0,0.03521281140942283,0.21832786646203514,0.32211969563506476,1.0447985223181409,0.12670274540205373,0.3205962640862299,-0.1490587134205994,0.7704918032786885,0.9387755102040817,1.0,2.2025089523564905,0.21423891884463941,0.2330600906436442,-0.2006374033447933,0.639344262295082,0.8367346938775511,0.918918918918919,,,D1_rank90_N30_monthly_B3_U_EW,D1,rank90,agg,0.0,0.0,3.0,0.0
2015-01-02,2015-12-31,252,0.02685382565964245,0.02685382565964245,0.02685382565964245,,not_applicable_no_external_contributions,0.2663748619285425,-0.2531910971244593,136,0.23267618575710003,0.19348592101303427,2.7259483325491427,29.428571428571427,3.043873789302805e-19,0.03606170803077831,0.2205806442329925,0.9748860433657102,0.012343014952342468,0.012343014952342468,0.014510810707299981,-0.1340884117354575,1.0,,,0.09435912855605699,0.09435912855605699,-0.06750530289641454,-0.11378065354854483,0.0,,,,,D1_entry2_N30_monthly_B2_U_EW,D1,entry2,2015,,,,
2016-01-04,2016-12-30,252,0.3093478665256033,0.3093478665256033,0.3093478665256033,,not_applicable_no_external_contributions,0.28162159271830123,-0.27009486246611936,103,1.098460094586232,0.19948427746614755,4.0494403969617965,28.996031746031747,0.0,0.03659414009203911,0.23100884615239656,0.8839276642617149,0.11997857235377318,0.11997857235377318,0.18936929417183013,-0.1782197237616573,1.0,,,0.0709788733025889,0.0709788733025889,0.2383689932230144,-0.1497298011174677,1.0,,,,,D1_entry2_N30_monthly_B2_U_EW,D1,entry2,2016,,,,
2017-01-03,2017-12-29,251,0.10905475426671951,0.10905475426671951,0.10951220367401882,,not_applicable_no_external_contributions,0.197546447136063,-0.16278528938422676,214,0.6245798987800837,0.13747753724803474,3.026789882558201,28.573705179282868,0.0,0.037085867225786946,0.2312939786032979,0.9245828543255235,0.21705407983552738,0.2180069223101162,-0.10849471863609739,-0.13668432792037155,0.0,,,0.3266354282920356,0.32813016684622753,-0.21861796317220872,-0.11396586000419318,0.0,,,,,D1_entry2_N30_monthly_B2_U_EW,D1,entry2,2017,,,,
2018-01-02,2018-12-31,251,0.01791559672353027,0.01791559672353027,0.017987611745473142,,not_applicable_no_external_contributions,0.2976396931298957,-0.3346130710995059,84,0.208510316458442,0.21650585073579265,2.835795910717309,29.589641434262948,0.0,0.03528559328822122,0.22001958453045728,0.9778530275165431,-0.04568978481733976,-0.04586757596890145,0.0638551877143746,-0.14112405419497598,1.0,,,-0.0012620080631124964,-0.0012670327970690787,0.01925464454254222,-0.1066465085397228,1.0,,,,,D1_entry2_N30_monthly_B2_U_EW,D1,entry2,2018,,,,
2019-01-02,2019-12-31,252,0.5465844918810854,0.5465844918810854,0.5465844918810854,,not_applicable_no_external_contributions,0.24830951457152192,-0.10222420146711142,61,1.8813946193968891,0.16733887674172104,2.7638774328828832,29.825396825396826,2.3219378745917057e-18,0.03469686826578356,0.21020332248594875,0.8419171877435487,0.3122385699692003,0.3122385699692003,0.23434592191188508,-0.036040767826182485,1.0,,,0.3896154377300354,0.3896154377300354,0.15696905415105,0.007607812322365293,1.0,,,,,D1_entry2_N30_monthly_B2_U_EW,D1,entry2,2019,,,,
2020-01-02,2020-12-31,253,1.6418692167246016,1.6418692167246016,1.6317442383555845,,not_applicable_no_external_contributions,0.5701619863250212,-0.47649789766709894,51,1.982994462838841,0.3726825802775561,3.7204885528104246,27.40316205533597,0.0,0.04405765982491423,0.2761000711825676,0.7755306294485057,0.18331636419012742,0.18252936528846808,1.4492148730671164,-0.1393253358328267,1.0,,,0.48406113463867606,0.4817472047614195,1.149997033594165,-0.19090402575702037,1.0,,,,,D1_entry2_N30_monthly_B2_U_EW,D1,entry2,2020,,,,
2015-01-02,2020-12-31,1511,5.201737679369646,5.201737679369646,0.35572929780779416,,not_applicable_no_external_contributions,0.33341600408443917,-0.47649789766709894,355,1.0796067618818126,0.22744804436107272,3.1877483195873157,28.96823295830576,4.380105651141896e-19,0.03730291797130827,0.23157168179969506,0.2984722705027911,1.0447985223181409,0.12670274540205373,0.22902655240574044,-0.13932533583282658,0.6721311475409836,0.8571428571428571,1.0,2.2025089523564905,0.21423891884463941,0.14149037896315475,-0.19090402575702048,0.5409836065573771,0.7551020408163265,0.5945945945945946,,,D1_entry2_N30_monthly_B2_U_EW,D1,entry2,agg,0.0,0.0,2.0,2.0
2015-01-02,2015-12-31,252,-0.012816012087595086,-0.012816012087595086,-0.012816012087595086,,not_applicable_no_external_contributions,0.25516232925407195,-0.22406485765751227,117,0.07688249307784319,0.18411091505726926,0.7557545985163663,30.0,0.0,0.034277045190691365,0.20803156365296932,0.9882316439758345,0.012343014952342468,0.012343014952342468,-0.025159027039937554,-0.10496217226851046,0.0,,,0.09435912855605699,0.09435912855605699,-0.10717514064365208,-0.0846544140815978,0.0,,,,,D1_combined_N30_monthly_B3_U_EW,D1,combined,2015,,,,
2016-01-04,2016-12-30,252,0.14229992470761355,0.14229992470761355,0.14229992470761355,,not_applicable_no_external_contributions,0.2924112466913557,-0.273442352033028,71,0.6013137227944393,0.21086501355368778,0.6890950594218992,30.0,0.0,0.034427858784719136,0.20644687148976096,0.8626842722713569,0.11997857235377318,0.11997857235377318,0.022321352353840362,-0.18156721332856596,1.0,,,0.0709788733025889,0.0709788733025889,0.07132105140502465,-0.15307729068437637,1.0,,,,,D1_combined_N30_monthly_B3_U_EW,D1,combined,2016,,,,
2017-01-03,2017-12-29,251,0.5810965385736471,0.5810965385736471,0.5839849496393186,,not_applicable_no_external_contributions,0.17833718950598046,-0.07243485261972038,37,2.6702817695437124,0.11333125733719795,0.7435308493149134,30.0,0.0,0.03412159382116341,0.20374800050849476,0.774281579813454,0.21705407983552738,0.2180069223101162,0.36597802732920237,-0.04633389115586517,1.0,,,0.3266354282920356,0.32813016684622753,0.25585478279309104,-0.023615423239686795,1.0,,,,,D1_combined_N30_monthly_B3_U_EW,D1,combined,2017,,,,
2018-01-02,2018-12-31,251,0.013639345133465985,0.013639345133465985,0.013694055538056471,,not_applicable_no_external_contributions,0.2622884259759077,-0.26501609697597894,81,0.1824709080151963,0.18608855962254062,0.6780100087406465,30.0,0.0,0.03412060754646131,0.20475781473122706,0.9748389032632109,-0.04568978481733976,-0.04586757596890145,0.059561631506957924,-0.07152708007144903,1.0,,,-0.0012620080631124964,-0.0012670327970690787,0.01496108833512555,-0.03704953441619585,1.0,,,,,D1_combined_N30_monthly_B3_U_EW,D1,combined,2018,,,,
2019-01-02,2019-12-31,252,0.5477346248029422,0.5477346248029422,0.5477346248029422,,not_applicable_no_external_contributions,0.2087361812079166,-0.0887103870678857,88,2.1981535000468995,0.13363578827985198,0.6186879009721744,30.0,0.0,0.034192453932906715,0.20458968455449156,0.8894026850958737,0.3122385699692003,0.3122385699692003,0.23549605483374192,-0.022526953426956764,1.0,,,0.3896154377300354,0.3896154377300354,0.15811918707290684,0.021121626721591014,1.0,,,,,D1_combined_N30_monthly_B3_U_EW,D1,combined,2019,,,,
2020-01-02,2020-12-31,253,0.6813787095899071,0.6813787095899071,0.6779290196551537,,not_applicable_no_external_contributions,0.41091279362512984,-0.42887147708761164,62,1.4690496855094959,0.298947719870831,0.7419161494271755,30.0,0.0,0.03445356482304516,0.21354506617155503,0.8827987609888295,0.18331636419012742,0.18252936528846808,0.49539965436668565,-0.0916989152533394,1.0,,,0.48406113463867606,0.4817472047614195,0.1961818148937342,-0.14327760517753307,1.0,,,,,D1_combined_N30_monthly_B3_U_EW,D1,combined,2020,,,,
2015-01-02,2020-12-31,1511,3.703077555852321,3.703077555852321,0.29460671500847857,,not_applicable_no_external_contributions,0.27805595960173357,-0.42887147708761175,370,1.0690292970120017,0.19722351230826912,0.704515556599902,30.0,0.0,0.034265836291462716,0.20686103741249073,0.304062999294599,1.0447985223181409,0.12670274540205373,0.16790396960642484,-0.0916989152533394,0.7868852459016393,0.9591836734693877,1.0,2.2025089523564905,0.21423891884463941,0.08036779616383916,-0.1432776051775333,0.7377049180327869,0.8163265306122449,1.0,,,D1_combined_N30_monthly_B3_U_EW,D1,combined,agg,3.0,2.0,3.0,2.0
