model_id,quarter_label,as_of_date,generated_at,source,rank,ticker,company,sector,industry,B2_score,Q_percentile,Q_components_ok,target_pct,is_missing_q
M1_B2_QUALITY_VETO_N30,2026-Q2,2026-06-30,2026-07-01T08:35:16.994856+00:00,offline notebook official generator,1,VICR,Vicor Corporation,Technology,Electronic Components,0.9875,87.7891,4,3.3333,False
M1_B2_QUALITY_VETO_N30,2026-Q2,2026-06-30,2026-07-01T08:35:16.994856+00:00,offline notebook official generator,2,BAND,Bandwidth Inc.,Technology,Software - Infrastructure,0.9875,12.4884,4,3.3333,False
M1_B2_QUALITY_VETO_N30,2026-Q2,2026-06-30,2026-07-01T08:35:16.994856+00:00,offline notebook official generator,3,WDC,Western Digital Corporation,Technology,Computer Hardware,0.9875,87.5116,4,3.3333,False
M1_B2_QUALITY_VETO_N30,2026-Q2,2026-06-30,2026-07-01T08:35:16.994856+00:00,offline notebook official generator,4,DOCN,"DigitalOcean Holdings, Inc.",Technology,Software - Infrastructure,0.9875,21.0916,4,3.3333,False
M1_B2_QUALITY_VETO_N30,2026-Q2,2026-06-30,2026-07-01T08:35:16.994856+00:00,offline notebook official generator,5,ERAS,"Erasca, Inc.",Healthcare,Biotechnology,0.9875,30.4348,2,3.3333,False
M1_B2_QUALITY_VETO_N30,2026-Q2,2026-06-30,2026-07-01T08:35:16.994856+00:00,offline notebook official generator,6,MU,"Micron Technology, Inc.",Technology,Semiconductors,0.9875,96.8548,4,3.3333,False
M1_B2_QUALITY_VETO_N30,2026-Q2,2026-06-30,2026-07-01T08:35:16.994856+00:00,offline notebook official generator,7,MXL,"MaxLinear, Inc.",Technology,Semiconductors,0.9875,19.7965,4,3.3333,False
M1_B2_QUALITY_VETO_N30,2026-Q2,2026-06-30,2026-07-01T08:35:16.994856+00:00,offline notebook official generator,8,SYRE,"Spyre Therapeutics, Inc.",Healthcare,Biotechnology,0.9815,65.8649,2,3.3333,False
M1_B2_QUALITY_VETO_N30,2026-Q2,2026-06-30,2026-07-01T08:35:16.994856+00:00,offline notebook official generator,9,AMD,"Advanced Micro Devices, Inc.",Technology,Semiconductors,0.9800,66.6975,4,3.3333,False
M1_B2_QUALITY_VETO_N30,2026-Q2,2026-06-30,2026-07-01T08:35:16.994856+00:00,offline notebook official generator,10,STRL,"Sterling Infrastructure, Inc.",Industrials,Engineering & Construction,0.9721,91.2118,4,3.3333,False
M1_B2_QUALITY_VETO_N30,2026-Q2,2026-06-30,2026-07-01T08:35:16.994856+00:00,offline notebook official generator,11,RVMD,"Revolution Medicines, Inc.",Healthcare,Biotechnology,0.9684,37.0028,2,3.3333,False
M1_B2_QUALITY_VETO_N30,2026-Q2,2026-06-30,2026-07-01T08:35:16.994856+00:00,offline notebook official generator,12,POWL,"Powell Industries, Inc.",Industrials,Electrical Equipment & Parts,0.9653,98.1499,4,3.3333,False
M1_B2_QUALITY_VETO_N30,2026-Q2,2026-06-30,2026-07-01T08:35:16.994856+00:00,offline notebook official generator,13,DFTX,"Definium Therapeutics, Inc.",Healthcare,Biotechnology,0.9641,32.7475,2,3.3333,False
M1_B2_QUALITY_VETO_N30,2026-Q2,2026-06-30,2026-07-01T08:35:16.994856+00:00,offline notebook official generator,14,AGX,"Argan, Inc.",Industrials,Engineering & Construction,0.9562,92.2294,4,3.3333,False
M1_B2_QUALITY_VETO_N30,2026-Q2,2026-06-30,2026-07-01T08:35:16.994856+00:00,offline notebook official generator,15,GTX,Garrett Motion Inc.,Consumer Cyclical,Auto Parts,0.9525,65.3099,4,3.3333,False
M1_B2_QUALITY_VETO_N30,2026-Q2,2026-06-30,2026-07-01T08:35:16.994856+00:00,offline notebook official generator,16,MYRG,MYR Group Inc.,Industrials,Engineering & Construction,0.9463,81.0361,4,3.3333,False
M1_B2_QUALITY_VETO_N30,2026-Q2,2026-06-30,2026-07-01T08:35:16.994856+00:00,offline notebook official generator,17,MTRN,Materion Corporation,Basic Materials,Other Industrial Metals & Mining,0.9411,35.1064,4,3.3333,False
M1_B2_QUALITY_VETO_N30,2026-Q2,2026-06-30,2026-07-01T08:35:16.994856+00:00,offline notebook official generator,18,FIX,"Comfort Systems USA, Inc.",Industrials,Engineering & Construction,0.9399,97.7798,4,3.3333,False
M1_B2_QUALITY_VETO_N30,2026-Q2,2026-06-30,2026-07-01T08:35:16.994856+00:00,offline notebook official generator,19,PL,Planet Labs PBC,Industrials,Aerospace & Defense,0.9359,16.3737,4,3.3333,False
M1_B2_QUALITY_VETO_N30,2026-Q2,2026-06-30,2026-07-01T08:35:16.994856+00:00,offline notebook official generator,20,TXG,"10x Genomics, Inc.",Healthcare,Health Information Services,0.9340,76.5032,4,3.3333,False
M1_B2_QUALITY_VETO_N30,2026-Q2,2026-06-30,2026-07-01T08:35:16.994856+00:00,offline notebook official generator,21,IRDM,Iridium Communications Inc.,Communication Services,Telecom Services,0.9278,56.6142,4,3.3333,False
M1_B2_QUALITY_VETO_N30,2026-Q2,2026-06-30,2026-07-01T08:35:16.994856+00:00,offline notebook official generator,22,TWST,Twist Bioscience Corporation,Healthcare,Diagnostics & Research,0.9234,34.6901,4,3.3333,False
M1_B2_QUALITY_VETO_N30,2026-Q2,2026-06-30,2026-07-01T08:35:16.994856+00:00,offline notebook official generator,23,BTSG,"BrightSpring Health Services, Inc.",Healthcare,Health Information Services,0.9229,33.3950,4,3.3333,False
M1_B2_QUALITY_VETO_N30,2026-Q2,2026-06-30,2026-07-01T08:35:16.994856+00:00,offline notebook official generator,24,RKLB,Rocket Lab Corporation,Industrials,Aerospace & Defense,0.9217,10.5458,4,3.3333,False
M1_B2_QUALITY_VETO_N30,2026-Q2,2026-06-30,2026-07-01T08:35:16.994856+00:00,offline notebook official generator,25,SPHR,Sphere Entertainment Co.,Communication Services,Entertainment,0.9130,61.3321,4,3.3333,False
M1_B2_QUALITY_VETO_N30,2026-Q2,2026-06-30,2026-07-01T08:35:16.994856+00:00,offline notebook official generator,26,MOD,Modine Manufacturing Company,Consumer Cyclical,Auto Parts,0.9124,53.1915,4,3.3333,False
M1_B2_QUALITY_VETO_N30,2026-Q2,2026-06-30,2026-07-01T08:35:16.994856+00:00,offline notebook official generator,27,KGS,"Kodiak Gas Services, Inc.",Energy,Oil & Gas Equipment & Services,0.9078,34.8751,4,3.3333,False
M1_B2_QUALITY_VETO_N30,2026-Q2,2026-06-30,2026-07-01T08:35:16.994856+00:00,offline notebook official generator,28,KALU,Kaiser Aluminum Corporation,Basic Materials,Aluminum,0.9026,32.8400,4,3.3333,False
M1_B2_QUALITY_VETO_N30,2026-Q2,2026-06-30,2026-07-01T08:35:16.994856+00:00,offline notebook official generator,29,WTTR,"Select Water Solutions, Inc.",Energy,Oil & Gas Equipment & Services,0.8958,43.0157,4,3.3333,False
M1_B2_QUALITY_VETO_N30,2026-Q2,2026-06-30,2026-07-01T08:35:16.994856+00:00,offline notebook official generator,30,ESI,Element Solutions Inc,Basic Materials,Specialty Chemicals,0.8763,36.1702,4,3.3333,False
