configuration_id,median_active_twr_vs_SPY,median_active_twr_vs_QQQ,fold_win_rate_vs_SPY,fold_win_rate_vs_QQQ,worst_drawdown_difference_vs_SPY,annualized_gross_turnover,maximum_single_fold_share_of_absolute_active_SPY,gate_median_spy,gate_median_qqq,gate_win_spy,gate_win_qqq,gate_drawdown,gate_turnover,gate_fold_dependence,all_gates_pass
P4_N20_biweekly_B1.5_U_EW,0.06468842209839515,0.001479533021508328,0.6666666666666666,0.5,-0.06313213642061644,9.616534179745637,0.26017831551821413,True,True,True,True,True,False,True,False
P4_N20_biweekly_B1_U_EW,0.07513586177733406,0.02475936022304842,0.6666666666666666,0.6666666666666666,-0.06916898089853196,14.854677466873296,0.271570025673661,True,True,True,True,True,False,True,False
P4_N20_biweekly_B2_U_EW,0.044210969830722924,-0.007939214146924944,0.6666666666666666,0.5,-0.06661846842096375,8.030796977979245,0.3315738704303985,True,True,True,True,True,False,True,False
P4_N20_daily_B1.5_U_EW,0.06817911826281936,-0.005656946195607693,0.6666666666666666,0.5,-0.04115827326016741,17.167870436097093,0.27590216611818436,True,True,True,True,True,False,True,False
P4_N20_daily_B1_U_EW,0.07731059638693588,0.014002267999162432,0.6666666666666666,0.6666666666666666,-0.055823180492890145,52.17155813005406,0.2598562285789792,True,True,True,True,True,False,True,False
P4_N20_daily_B2_U_EW,0.07368459624437979,0.034076310077405636,0.6666666666666666,0.6666666666666666,-0.04400317854455171,12.005292696575795,0.2357831402598369,True,True,True,True,True,False,True,False
P4_N20_monthly_B1.5_U_EW,0.014672991218417142,-0.0516485609743777,0.6666666666666666,0.5,-0.08501027148243723,7.681795204978049,0.41613684300717274,True,False,True,True,True,False,True,False
P4_N20_monthly_B1_U_EW,0.01064699705877209,-0.04107978408861085,0.5,0.16666666666666666,-0.08530681252684336,9.944427113290798,0.46763073949474887,True,False,True,False,True,False,True,False
P4_N20_monthly_B2_U_EW,0.004089337569281537,-0.04696895550451097,0.5,0.5,-0.0860047470285299,6.776650615261622,0.4325629805687658,True,False,True,True,True,False,True,False
P4_N20_weekly_B1.5_U_EW,0.06933222009923462,0.013414811428389462,0.6666666666666666,0.5,-0.05179338213228224,12.005624325575047,0.25933506505597836,True,True,True,True,True,False,True,False
P4_N20_weekly_B1_U_EW,0.07201862079841254,0.011785683885130904,0.6666666666666666,0.6666666666666666,-0.06474324441601631,22.20496044137787,0.28316262294584754,True,True,True,True,True,False,True,False
P4_N20_weekly_B2_U_EW,0.06764747557399114,0.009861360998174917,0.6666666666666666,0.5,-0.05265098501521692,9.290951522888838,0.26746310338173834,True,True,True,True,True,False,True,False
P4_N30_biweekly_B1.5_U_EW,0.032483306170607296,-0.01340430534265763,0.6666666666666666,0.3333333333333333,-0.063943854639116,8.499162498265077,0.2937630217204207,True,True,True,False,True,False,True,False
P4_N30_biweekly_B1_U_EW,0.06077435708085571,-0.009460395436094282,0.6666666666666666,0.5,-0.06484942764920687,13.721204503145685,0.2958966814168587,True,True,True,True,True,False,True,False
P4_N30_biweekly_B2_U_EW,0.031982687449086555,-0.01314412220981126,0.6666666666666666,0.3333333333333333,-0.06756010563143822,7.126468830529669,0.3069302386905981,True,True,True,False,True,False,True,False
P4_N30_daily_B1.5_U_EW,0.05163401256131761,-0.00818986673788824,0.6666666666666666,0.3333333333333333,-0.06013888216837049,14.834920534184912,0.29368515921023797,True,True,True,False,True,False,True,False
P4_N30_daily_B1_U_EW,0.05826671534083405,-0.005041613046939397,0.6666666666666666,0.3333333333333333,-0.053993549657975204,45.98579431010024,0.30024630638286004,True,True,True,False,True,False,True,False
P4_N30_daily_B2_U_EW,0.05469059675763416,0.006519974127024986,0.6666666666666666,0.6666666666666666,-0.049468879525249254,11.026761975282135,0.3019188365606939,True,True,True,True,True,False,True,False
P4_N30_monthly_B1.5_U_EW,0.03144625294359993,-0.020060984531620307,0.6666666666666666,0.16666666666666666,-0.09483819057423903,6.955687216481248,0.355402973809908,True,False,True,False,True,False,True,False
P4_N30_monthly_B1_U_EW,0.03616964703274406,-0.04931859781757153,0.6666666666666666,0.16666666666666666,-0.09808058534240227,9.026129923128403,0.37447501266741634,True,False,True,False,True,False,True,False
P4_N30_monthly_B2_U_EW,0.035955014048770106,-0.004798332552404694,0.6666666666666666,0.3333333333333333,-0.09297577106171451,6.289950809616391,0.3480546521106197,True,True,True,False,True,False,True,False
P4_N30_weekly_B1.5_U_EW,0.04362860296067578,-0.024225278970676334,0.6666666666666666,0.3333333333333333,-0.06324834153664893,10.48184855083008,0.2890862117124158,True,False,True,False,True,False,True,False
P4_N30_weekly_B1_U_EW,0.04807091300519395,-0.0152374153825795,0.6666666666666666,0.16666666666666666,-0.050891633965116534,20.099360537972508,0.32955968458930845,True,True,True,False,True,False,True,False
P4_N30_weekly_B2_U_EW,0.04472642983410152,-0.010794937593595122,0.6666666666666666,0.5,-0.0629959755663948,8.216712495409555,0.26895621914995843,True,True,True,True,True,False,True,False
P4_N40_biweekly_B1.5_U_EW,0.03947846115281772,-0.008208142202616231,0.6666666666666666,0.16666666666666666,-0.06172078715926055,8.046866714233987,0.32481409656202825,True,True,True,False,True,False,True,False
P4_N40_biweekly_B1_U_EW,0.03716954857048843,-0.0030169665591525674,0.6666666666666666,0.5,-0.053552786624077586,12.970971969041903,0.37753567917293546,True,True,True,True,True,False,True,False
P4_N40_biweekly_B2_U_EW,0.04162772531642217,0.000917257584708342,0.6666666666666666,0.5,-0.07447340107540923,6.587619421317808,0.32312302196230064,True,True,True,True,True,False,True,False
P4_N40_daily_B1.5_U_EW,0.05082022409185333,-0.013935505969928985,0.6666666666666666,0.5,-0.05719653544064507,14.01870741351759,0.3350479105442717,True,True,True,True,True,False,True,False
P4_N40_daily_B1_U_EW,0.04131377007798498,-0.002516981378880123,0.6666666666666666,0.3333333333333333,-0.03831884766979332,42.98738950279188,0.2903627369536758,True,True,True,False,True,False,True,False
P4_N40_daily_B2_U_EW,0.03408423542920974,-0.01909982112838754,0.6666666666666666,0.3333333333333333,-0.06377458944963543,10.233092287228633,0.3862030707556386,True,True,True,False,True,False,True,False
P4_N40_monthly_B1.5_U_EW,0.03418189427220947,-0.022380749349146856,0.6666666666666666,0.16666666666666666,-0.0918756553529253,6.62815017405496,0.3138744736171471,True,False,True,False,True,False,True,False
P4_N40_monthly_B1_U_EW,0.04954871528845778,-0.03581487855444465,0.6666666666666666,0.3333333333333333,-0.08298525430354176,8.589731473129751,0.3075228137011508,True,False,True,False,True,False,True,False
P4_N40_monthly_B2_U_EW,0.036291957340582215,-0.006650402629917673,0.6666666666666666,0.16666666666666666,-0.08497544102447807,5.842250282850834,0.2947572272758934,True,True,True,False,True,False,True,False
P4_N40_weekly_B1.5_U_EW,0.04027981370721151,-0.01054986917040307,0.6666666666666666,0.3333333333333333,-0.054517155709585596,9.669398002972285,0.3496473599451584,True,True,True,False,True,False,True,False
P4_N40_weekly_B1_U_EW,0.03279816972819055,-0.014497997564317078,0.6666666666666666,0.16666666666666666,-0.0466145983771441,18.974199256267617,0.3619267470909309,True,True,True,False,True,False,True,False
P4_N40_weekly_B2_U_EW,0.045092355352185864,-0.0028555735964107543,0.6666666666666666,0.3333333333333333,-0.06128164902065769,7.644289097639849,0.3298258840100969,True,True,True,False,True,False,True,False
