ticker,yf_p_score,YF-P_percentile,YF-QP,YF-QP_percentile,qvp_score,YF-QVP_percentile,YF-QVGP,YF-QVGP_percentile,quality_score,value_score,price_score,Growth,company_name,sector,industry,info_market_cap,latest_close,unconstrained_rank,price_rank,latest_price_session,data_quality_flags,portfolio_rank,target_weight,selection_reason
NTCT,0.7890401146131805,0.9627507163323782,0.7286996828222996,0.9526627218934911,0.7708239431375716,1.0,0.6913425950343381,0.9821428571428571,0.6683592510314186,0.8550724637681159,0.7890401146131805,0.4528985507246377,"NetScout Systems, Inc.",Technology,Software - Infrastructure,2836215040.0,39.66999816894531,1.0,27.0,2026-06-18,none,1,0.03333333333333333,unconstrained_top_30
CRUS,0.7120343839541547,0.826647564469914,0.7643399466581311,0.977810650887574,0.7527161641166927,0.9985163204747775,0.6551168332324472,0.9627976190476191,0.8166455093621073,0.7294685990338164,0.7120343839541547,0.36231884057971014,"Cirrus Logic, Inc.",Technology,Semiconductors,8339329536.0,165.2899932861328,2.0,122.0,2026-06-18,none,2,0.03333333333333333,unconstrained_top_30
EIX,0.7575214899713467,0.9333810888252149,0.7199769612018896,0.9423076923076923,0.738242899059518,0.9970326409495549,0.7496281202405845,0.9970238095238095,0.6824324324324325,0.7747747747747749,0.7575214899713467,0.7837837837837838,Edison International,Utilities,Utilities - Regulated Electric,27662837760.0,71.88999938964844,3.0,47.0,2026-06-18,none,3,0.03333333333333333,unconstrained_top_30
MLI,0.744269340974212,0.9054441260744985,0.8252630520825699,0.9985207100591716,0.7353605532402318,0.9955489614243324,0.7381980465091211,0.9955357142857143,0.9062567631909276,0.5555555555555555,0.744269340974212,0.7467105263157895,"Mueller Industries, Inc.",Industrials,Metal Fabrication,15191297024.0,137.38999938964844,4.0,67.0,2026-06-18,none,4,0.03333333333333333,unconstrained_top_30
DINO,0.7331661891117478,0.8689111747851003,0.6705603672831466,0.8846153846153846,0.7310710288862152,0.9940652818991098,0.6647805443919341,0.9732142857142857,0.6079545454545455,0.8520923520923521,0.7331661891117478,0.4659090909090909,HF Sinclair Corporation,Energy,Oil & Gas Refining & Marketing,11627765760.0,64.5,5.0,92.0,2026-06-18,none,5,0.03333333333333333,unconstrained_top_30
APA,0.6901862464183381,0.7929799426934098,0.7399794868455327,0.9674556213017751,0.7291301437075077,0.9925816023738873,0.620711244144267,0.9196428571428571,0.7897727272727273,0.7074314574314574,0.6901862464183381,0.29545454545454547,APA Corporation,Energy,Oil & Gas E&P,11675121664.0,33.029998779296875,6.0,145.0,2026-06-18,none,6,0.03333333333333333,unconstrained_top_30
KFY,0.5243553008595988,0.497134670487106,0.6400208958957563,0.8387573964497042,0.7287866248600613,0.9910979228486647,0.6765241791713618,0.9761904761904762,0.7556864909319136,0.9063180827886711,0.5243553008595988,0.5197368421052632,Korn Ferry,Industrials,Staffing & Employment Services,3707851264.0,71.45999908447266,7.0,352.0,2026-06-18,none,7,0.03333333333333333,unconstrained_top_30
INCY,0.5343839541547278,0.5186246418338109,0.7301087988653889,0.9600591715976331,0.7266145886516923,0.9896142433234422,0.7345941418433791,0.9940476190476191,0.9258336435760501,0.7196261682242989,0.5343839541547278,0.7585328014184397,Incyte Corporation,Healthcare,Biotechnology,19622604800.0,98.22000122070312,8.0,337.0,2026-06-18,none,8,0.03333333333333333,unconstrained_top_30
ED,0.6130014326647564,0.6532951289398281,0.6747439595756215,0.8920118343195266,0.7200995766540178,0.9881305637982196,0.678588196004027,0.9776785714285714,0.7364864864864865,0.8108108108108109,0.6130014326647564,0.5540540540540541,"Consolidated Edison, Inc.",Utilities,Utilities - Regulated Electric,39196819456.0,106.36000061035156,9.0,243.0,2026-06-18,none,9,0.03333333333333333,unconstrained_top_30
AZZ,0.7542979942693409,0.9255014326647565,0.7355764740857158,0.9630177514792899,0.7184162695792935,0.9866468842729971,0.6917727285002595,0.9836309523809523,0.7168549539020906,0.6840958605664488,0.7542979942693409,0.6118421052631579,AZZ Inc.,Industrials,Specialty Business Services,4718011904.0,157.17999267578125,10.0,53.0,2026-06-18,none,10,0.03333333333333333,unconstrained_top_30
CALM,0.36138968481375355,0.25501432664756446,0.5997289333159677,0.7366863905325444,0.7066374706954935,0.9851632047477745,0.7771371939307111,1.0,0.8380681818181818,0.9204545454545454,0.36138968481375355,0.9886363636363636,"Cal-Maine Foods, Inc.",Consumer Defensive,Farm Products,3682582272.0,77.7300033569336,11.0,521.0,2026-06-18,none,11,0.03333333333333333,unconstrained_top_30
EXEL,0.5838108882521489,0.6017191977077364,0.7613215833801226,0.9748520710059172,0.7006941396988978,0.983679525222552,0.6576128033557337,0.9642857142857143,0.9388322785080963,0.5794392523364486,0.5838108882521489,0.5283687943262412,"Exelixis, Inc.",Healthcare,Biotechnology,13047842816.0,51.90999984741211,12.0,279.0,2026-06-18,none,12,0.03333333333333333,unconstrained_top_30
EXE,0.3606733524355301,0.25358166189111747,0.6249389489450378,0.8017751479289941,0.7006567499941424,0.9821958456973294,0.7726516534046979,0.9985119047619048,0.8892045454545454,0.852092352092352,0.3606733524355301,0.9886363636363636,Expand Energy Corporation,Energy,Oil & Gas E&P,20808126464.0,86.9800033569336,13.0,522.0,2026-06-18,none,13,0.03333333333333333,unconstrained_top_30
BIIB,0.6558022922636103,0.7270773638968482,0.635752212510909,0.8328402366863905,0.6959012673229528,0.9807121661721068,0.6052869877262571,0.8824404761904762,0.6157021327582075,0.8161993769470405,0.6558022922636103,0.3334441489361702,Biogen Inc.,Healthcare,Drug Manufacturers - General,29022504960.0,196.5800018310547,14.0,191.0,2026-06-18,none,14,0.03333333333333333,unconstrained_top_30
ENS,0.7940544412607451,0.9684813753581661,0.7151893640749468,0.9363905325443787,0.6924791838931018,0.9792284866468842,0.6098199142356158,0.8973214285714286,0.6363242868891485,0.6470588235294118,0.7940544412607451,0.36184210526315785,EnerSys,Industrials,Electrical Equipment & Parts,8324226048.0,227.9499969482422,15.0,23.0,2026-06-18,none,15,0.03333333333333333,unconstrained_top_30
FFIV,0.7349570200573066,0.8782234957020058,0.7640920189676145,0.9763313609467456,0.6913592525806641,0.9777448071216617,0.6462368307398458,0.9479166666666666,0.7932270178779224,0.5458937198067634,0.7349570200573066,0.5108695652173914,"F5, Inc.",Technology,Software - Infrastructure,21749055488.0,385.489990234375,16.0,86.0,2026-06-18,none,16,0.03333333333333333,unconstrained_top_30
AVA,0.6035100286532952,0.6346704871060171,0.6294577170293503,0.8165680473372781,0.6899087482898372,0.9762611275964391,0.6525666963525131,0.9583333333333334,0.6554054054054055,0.8108108108108109,0.6035100286532952,0.5405405405405406,Avista Corporation,Utilities,Utilities - Diversified,3285703936.0,39.7599983215332,17.0,256.0,2026-06-18,none,17,0.03333333333333333,unconstrained_top_30
BRC,0.5515759312320917,0.5501432664756447,0.6931525935864393,0.9171597633136095,0.6872288169298121,0.9747774480712166,0.6346650337499906,0.9345238095238095,0.8347292559407868,0.6753812636165577,0.5515759312320917,0.4769736842105263,Brady Corporation,Industrials,Security & Protection Services,4019192064.0,85.30999755859375,18.0,315.0,2026-06-18,none,18,0.03333333333333333,unconstrained_top_30
M,0.5372492836676218,0.5257879656160458,0.5536851088896908,0.6331360946745562,0.6862951230981778,0.973293768545994,0.5984369386539085,0.8586309523809523,0.5701209341117598,0.9515151515151515,0.5372492836676218,0.33486238532110085,"Macy's, Inc.",Consumer Cyclical,Department Stores,6349735936.0,24.13999938964844,19.0,332.0,2026-06-18,none,19,0.03333333333333333,unconstrained_top_30
NOV,0.6450573065902578,0.7106017191977078,0.6009377442042199,0.742603550295858,0.6803269425045929,0.9718100890207715,0.5983133886966265,0.8571428571428571,0.5568181818181819,0.839105339105339,0.6450573065902578,0.35227272727272724,NOV Inc.,Energy,Oil & Gas Equipment & Services,6696859136.0,18.65999984741211,20.0,203.0,2026-06-18,none,20,0.03333333333333333,unconstrained_top_30
CBT,0.6468481375358166,0.7184813753581661,0.671638354482194,0.8890532544378699,0.6779176331468596,0.9703264094955489,0.6066525105744304,0.8883928571428571,0.6964285714285715,0.6904761904761906,0.6468481375358166,0.3928571428571428,Cabot Corporation,Basic Materials,Specialty Chemicals,4738846208.0,91.8000030517578,21.0,197.0,2026-06-18,none,21,0.03333333333333333,unconstrained_top_30
ES,0.5684097421203438,0.5773638968481375,0.6287994656547664,0.8150887573964497,0.6774579020281025,0.9688427299703264,0.6466069400345904,0.9508928571428571,0.6891891891891891,0.7747747747747747,0.5684097421203438,0.5540540540540541,Eversource Energy,Utilities,Utilities - Regulated Electric,26171408384.0,69.58999633789062,22.0,296.0,2026-06-18,none,22,0.03333333333333333,unconstrained_top_30
NBIX,0.5941977077363897,0.6217765042979942,0.7300117548301612,0.9585798816568047,0.6767056558680825,0.9673590504451038,0.6080389936741115,0.8928571428571429,0.8658258019239327,0.5700934579439252,0.5941977077363897,0.4020390070921986,"Neurocrine Biosciences, Inc.",Healthcare,Drug Manufacturers - Specialty & Generic,15916056576.0,158.2899932861328,23.0,265.0,2026-06-18,none,23,0.03333333333333333,unconstrained_top_30
AIT,0.734240687679083,0.8710601719197708,0.7697899105624779,0.9822485207100592,0.6744133172813033,0.9658753709198813,0.5987376195399248,0.8601190476190477,0.8053391334458727,0.48366013071895425,0.734240687679083,0.37171052631578944,"Applied Industrial Technologies, Inc.",Industrials,Industrial Distribution,12490846208.0,337.9599914550781,24.0,91.0,2026-06-18,none,24,0.03333333333333333,unconstrained_top_30
IOSP,0.5447707736389685,0.5372492836676218,0.65184967253377,0.8594674556213018,0.6726616864510847,0.9643916913946587,0.5967581696002183,0.8511904761904762,0.7589285714285715,0.7142857142857143,0.5447707736389685,0.36904761904761907,Innospec Inc.,Basic Materials,Specialty Chemicals,2037726720.0,82.7300033569336,25.0,324.0,2026-06-18,none,25,0.03333333333333333,unconstrained_top_30
NJR,0.7426575931232091,0.8968481375358166,0.6888963641291721,0.908284023668639,0.6724774559659946,0.9629080118694362,0.6192229568393608,0.9166666666666666,0.6351351351351351,0.6396396396396397,0.7426575931232091,0.45945945945945943,New Jersey Resources Corporation,Utilities,Utilities - Regulated Gas,5561787904.0,55.11000061035156,26.0,73.0,2026-06-18,none,26,0.03333333333333333,unconstrained_top_30
KEX,0.6683381088825214,0.7421203438395415,0.6246021150827359,0.8002958579881657,0.671303370839471,0.9614243323442137,0.6317670018138137,0.9285714285714286,0.5808661212829502,0.7647058823529411,0.6683381088825214,0.513157894736842,Kirby Corporation,Industrials,Marine Shipping,7520302080.0,140.63999938964844,27.0,181.0,2026-06-18,none,27,0.03333333333333333,unconstrained_top_30
CF,0.5927650429799427,0.6167621776504298,0.6832872833947332,0.900887573964497,0.6711333212049544,0.9599406528189911,0.723588086141811,0.9925595238095238,0.7738095238095238,0.6468253968253969,0.5927650429799427,0.8809523809523809,"CF Industries Holdings, Inc.",Basic Materials,Agricultural Inputs,15813061632.0,102.93000030517578,28.0,268.0,2026-06-18,none,28,0.03333333333333333,unconstrained_top_30
EA,0.6067335243553009,0.6404011461318052,0.7244683055618025,0.9497041420118343,0.6665537496015881,0.956973293768546,0.5453698576557365,0.6547619047619048,0.8422030867683041,0.5507246376811593,0.6067335243553009,0.1818181818181818,Electronic Arts Inc.,Communication Services,Electronic Gaming & Multimedia,50689413120.0,202.1499938964844,30.0,252.0,2026-06-18,none,29,0.03333333333333333,unconstrained_top_30
MTX,0.7123925501432665,0.828080229226361,0.6210772274525858,0.7928994082840237,0.6653742362911418,0.9554896142433235,0.603197343885023,0.8735119047619048,0.5297619047619049,0.753968253968254,0.7123925501432665,0.41666666666666663,Minerals Technologies Inc.,Basic Materials,Specialty Chemicals,2439457024.0,78.66999816894531,31.0,121.0,2026-06-18,none,30,0.03333333333333333,constraint_replacement
